DROP DATABASE IF EXISTS `infomotion`;
CREATE DATABASE IF NOT EXISTS `infomotion`;
USE `infomotion` ;

CREATE TABLE IF NOT EXISTS infomotion.empresa (
  id INT NOT NULL AUTO_INCREMENT,
  nome VARCHAR(40),
  cnpj CHAR(18),
  ativa TINYINT,
  dt_cadastro datetime default current_timestamp,
  PRIMARY KEY (id)
);

CREATE TABLE IF NOT EXISTS infomotion.regiao (
  id INT NOT NULL AUTO_INCREMENT,
  fk_empresa int,
  nome VARCHAR(50),
  cidade VARCHAR(60),
  estado VARCHAR(60),
  pais VARCHAR(50),
  codigo_postal VARCHAR(20),
  zona VARCHAR(50),
  PRIMARY KEY (id),
  CONSTRAINT regiao_ibfk_1
  FOREIGN KEY (fk_empresa) REFERENCES infomotion.empresa (id)
);

CREATE TABLE IF NOT EXISTS infomotion.servidor (
  id INT NOT NULL AUTO_INCREMENT,
  fk_empresa INT,
  fk_regiao INT,
  apelido VARCHAR(40),
  ip VARCHAR(15),
  dt_cadastro datetime default current_timestamp,
  ativo tinyint,
  PRIMARY KEY (id),
  CONSTRAINT servidor_ibfk_1
  FOREIGN KEY (fk_empresa) REFERENCES infomotion.empresa (id),
  CONSTRAINT servidor_ibfk_2
  FOREIGN KEY (fk_regiao) REFERENCES infomotion.regiao (id)
);

CREATE TABLE IF NOT EXISTS infomotion.registro_servidor (
	id INT PRIMARY KEY AUTO_INCREMENT,
	fk_servidor INT,
    uso_cpu DECIMAL(10, 2),
    uso_ram DECIMAL(10, 2),
    uso_disco DECIMAL(10, 2),
    qtd_processos INT,
    temp_cpu DECIMAL(10, 2),
    temp_disco DECIMAL(10, 2),
    upload DECIMAL(10, 2),
    download DECIMAL(10, 2),
    dt_registro DATETIME,
    CONSTRAINT registro_servidor_ibfk_1
    FOREIGN KEY (fk_servidor) REFERENCES infomotion.servidor (id)
);

CREATE TABLE IF NOT EXISTS infomotion.componentes (
  id INT NOT NULL AUTO_INCREMENT,
  fk_servidor INT,
  tipo VARCHAR(40),
  numero_serie INT, /* Armazenará se é o componete 01, 02, 03, etc */
  apelido varchar(20),
  dt_cadastro datetime default current_timestamp,
  ativo tinyint,
  PRIMARY KEY (id),
  UNIQUE (fk_servidor, numero_serie, tipo),
  CONSTRAINT componentes_ibfk_1
  FOREIGN KEY (fk_servidor) REFERENCES infomotion.servidor (id)
);

CREATE TABLE IF NOT EXISTS infomotion.parametro_alerta (
  id INT NOT NULL AUTO_INCREMENT,
  fk_servidor INT,
  fk_componente INT,
  max VARCHAR(5),
  duracao_min VARCHAR(10),
  unidade_medida VARCHAR(10),
  PRIMARY KEY (id),
  CONSTRAINT parametro_alerta_ibfk_1
  FOREIGN KEY (fk_servidor) REFERENCES infomotion.servidor (id),
  constraint parametro_alerta_ibfk_2 foreign key (fk_componente) references infomotion.componentes(id)
);

CREATE TABLE IF NOT EXISTS infomotion.usuario (
  id INT NOT NULL AUTO_INCREMENT,
  fk_empresa INT,
  cargo ENUM('Gestor', 'Suporte'),
  nome VARCHAR(40),
  senha VARCHAR(25),
  email VARCHAR(30),
  ativo TINYINT NULL,
  imagem_url VARCHAR(255),
  dt_cadastro datetime default current_timestamp,
  PRIMARY KEY (id),
  CONSTRAINT usuario_ibfk_1
  FOREIGN KEY (fk_empresa) REFERENCES infomotion.empresa (id)
);

CREATE TABLE IF NOT EXISTS infomotion.alertas (
  id INT NOT NULL auto_increment,
  fk_parametro INT,
  dt_registro datetime default current_timestamp,
  duracao varchar(45),
  max decimal(10,2),
  min decimal(10,2),
  PRIMARY KEY (id),
  CONSTRAINT fk_alertas_parametro_alerta1
  FOREIGN KEY (fk_parametro) REFERENCES infomotion.parametro_alerta (id)
);

CREATE TABLE IF NOT EXISTS infomotion.usuario_has_servidor (
  fk_usuario INT NOT NULL,
  fk_servidor INT NOT NULL,
  dt_cadastro datetime default current_timestamp,
  PRIMARY KEY (fk_usuario, fk_servidor),
  CONSTRAINT fk_usuario_has_servidor_usuario1
  FOREIGN KEY (fk_usuario) REFERENCES infomotion.usuario (id),
  CONSTRAINT fk_usuario_has_servidor_servidor1
  FOREIGN KEY (fk_servidor) REFERENCES infomotion.servidor (id)
);

create table if not exists infomotion.especificacao_componente (
id int auto_increment primary key,
nome_especificacao varchar(100),
valor varchar(100),
fk_componente int not null,
dt_cadastro datetime default current_timestamp,
foreign key (fk_componente) references componentes(id)
);

INSERT INTO empresa (nome, cnpj, ativa)
VALUES 
('TechMotion', '12.345.678/0001-90', 1),
('InfoData Ltda', '98.765.432/0001-10', 1),
('ServerX Solutions', '45.987.123/0001-55', 0);


INSERT INTO servidor (fk_empresa, apelido, ip, ativo)
VALUES
(1, 'srv-tech-01', '192.168.0.10', 1),
(1, 'srv-tech-02', '192.168.0.11', 1),
(2, 'srv-infodata', '10.0.0.5', 1),
(3, 'srv-x-backup', '172.16.0.9', 0);

INSERT INTO usuario (fk_empresa, cargo, nome, senha, email, ativo, imagem_url)
VALUES
(1, 'Gestor', 'Veronica', '123456', 'veronica@email.com', 1, '/assets/pacote-pessoas/veronica.png'),
(1, 'Suporte', "Gabriel", '123456', 'email@.', 1, '/assets/pacote-pessoas/gabriel.png'),
(1, 'Gestor', 'Pedro Santos', 'infodata321', 'pedro@infodata.com', 1, '/assets/pacote-pessoas/adolescente-calma-com-os-bracos-cruzados.jpg'),
(1, 'Suporte', 'Ana Costa', 'backup987', 'ana@serverx.com', 0, '/assets/pacote-pessoas/vista-frontal-da-elegante-mulher-de-negocios-segurando-prancheta-com-espaco-de-copia.jpg'),
(1,'Suporte', 'Renata Silva', '123456', 'renata@email.com', 1, '/assets/pacote-pessoas/retrato-de-mulher-corporativa-segurando-prancheta-no-trabalho-em-pe-com-roupa-formal-sobre-fundo-branco.jpg');

/* select * from servidor;
select fk_servidor, tipo, numero_serie, apelido, date_format(dt_cadastro, '%d/%m/%Y %H:%i:%s') from componentes;
select * from empresa;
select * from usuario;
select * from componentes;

 select
 c.tipo,
 c.apelido,
 s.id,
 p.max,
 p.unidade_medida as un
 from componentes as c
 inner join servidor as s on c.fk_servidor = s.id
 inner join parametro_alerta as p on p.fk_servidor = s.id;
 
 */
 
INSERT INTO regiao (fk_empresa, nome, cidade, estado, pais, codigo_postal, zona)
VALUES
(1, 'Região Sudeste', 'São Paulo', 'SP', 'Brasil', '01000-000', 'UTC-3'),
(1, 'Região Leste dos EUA', 'Ashburn', 'VA', 'Estados Unidos', '20147', 'UTC-5'),
(1, 'Região Europa Central', 'Frankfurt', 'HE', 'Alemanha', '60311', 'UTC+1'),
(1, 'Região Ásia Leste', 'Tóquio', 'TK', 'Japão', '100-0001', 'UTC+9'),
(1, 'Região Oceania', 'Sydney', 'NSW', 'Austrália', '2000', 'UTC+10'),
(1, 'Região América Norte', 'Toronto', 'ON', 'Canadá', 'M5H 2N2', 'UTC-5'),
(1, 'Região Europa Oeste', 'Londres', 'LDN', 'Reino Unido', 'SW1A 1AA', 'UTC+0'),
(1, 'Região Europa Sudoeste', 'Lisboa', 'LX', 'Portugal', '1000-001', 'UTC+0'),
(1, 'Região Oriente Médio', 'Dubai', 'DU', 'Emirados Árabes Unidos', '00000', 'UTC+4'),
(1, 'Região América Central', 'Cidade do México', 'CDMX', 'México', '01000', 'UTC-6');
 
 -- SERVIDORES (6 novos, ids 5..10)
INSERT INTO infomotion.servidor (fk_empresa, fk_regiao, apelido, ip, ativo)
VALUES
( 1, 1, 'srv-tech-03', '192.168.0.12', 1),
( 1, 2, 'srv-tech-04', '192.168.0.13', 1),
( 2, 3, 'srv-infodata-02', '10.0.0.6', 1),
( 2, 1, 'srv-infodata-03', '10.0.0.7', 1),
( 1, 2, 'srv-tech-05', '192.168.0.14', 1),
( 1, 3, 'srv-tech-06', '192.168.0.15', 1)
;

-- COMPONENTES (1 CPU, 1 RAM, 1 DISCO por novo servidor)
INSERT INTO infomotion.componentes (id, fk_servidor, tipo, numero_serie, apelido, ativo)
VALUES
(1001, 5, 'CPU', 1, 'Xeon Silver 4210', 1),
(1002, 5, 'RAM', 2, 'DDR4 64GB', 1),
(1003, 5, 'DISCO', 3, 'SSD NVMe 1TB', 1),
(1004, 6, 'CPU', 1, 'Intel Xeon E5', 1),
(1005, 6, 'RAM', 2, 'DDR4 32GB', 1),
(1006, 6, 'DISCO', 3, 'HDD Seagate 2TB', 1),
(1007, 7, 'CPU', 1, 'Ryzen 9 5900X', 1),
(1008, 7, 'RAM', 2, 'DDR5 64GB', 1),
(1009, 7, 'DISCO', 3, 'NVMe Kingston 1TB', 1),
(1010, 8, 'CPU', 1, 'Intel i7 12700K', 1),
(1011, 8, 'RAM', 2, 'DDR4 16GB', 1),
(1012, 8, 'DISCO', 3, 'SSD Crucial 512GB', 1),
(1013, 9, 'CPU', 1, 'Xeon Gold 6230', 1),
(1014, 9, 'RAM', 2, 'DDR5 128GB', 1),
(1015, 9, 'DISCO', 3, 'NVMe WD 2TB', 1),
(1016, 10, 'CPU', 1, 'AMD EPYC 7402P', 1),
(1017, 10, 'RAM', 2, 'ECC 64GB', 1),
(1018, 10, 'DISCO', 3, 'HDD Toshiba 4TB', 1),
(1019, 1, 'CPU', 19, 'Xeon Silver 4110', 1),
(1020, 1, 'RAM', 20, 'Memória DDR4 32GB', 1),
(1021, 1, 'DISCO', 21, 'SSD Samsung 1TB', 1),
(1022, 2, 'CPU', 19, '19- 11900X', 1),
(1023, 2, 'RAM', 20, 'Memória DDR4 32GB', 1),
(1024, 2, 'DISCO', 21, 'HDD 1TB', 1);

-- ESPECIFICACOES (apenas nomes solicitados)
INSERT INTO infomotion.especificacao_componente (nome_especificacao, valor, fk_componente)
VALUES
('Swap total (GB)', '8', 1002),
('Ram total (GB)', '64', 1002),
('Quantidade de nucleos fisicos', '16', 1001),
('Quantidade de nucleos logicos', '12', 1001),
('Quantidade de particoes', '1', 1003),
('Swap total (GB)', '6', 1005),
('Ram total (GB)', '16', 1005),
('Quantidade de nucleos fisicos', '8', 1004),
('Quantidade de nucleos logicos', '24', 1004),
('Quantidade de particoes', '4', 1006),
('Swap total (GB)', '16', 1008),
('Ram total (GB)', '16', 1008),
('Quantidade de nucleos fisicos', '8', 1007),
('Quantidade de nucleos logicos', '12', 1007),
('Quantidade de particoes', '4', 1009),
('Swap total (GB)', '12', 1011),
('Ram total (GB)', '16', 1011),
('Quantidade de nucleos fisicos', '6', 1010),
('Quantidade de nucleos logicos', '32', 1010),
('Quantidade de particoes', '2', 1012),
('Swap total (GB)', '4', 1014),
('Ram total (GB)', '32', 1014),
('Quantidade de nucleos fisicos', '10', 1013),
('Quantidade de nucleos logicos', '12', 1013),
('Quantidade de particoes', '2', 1015),
('Swap total (GB)', '8', 1017),
('Ram total (GB)', '64', 1017),
('Quantidade de nucleos fisicos', '6', 1016),
('Quantidade de nucleos logicos', '12', 1016),
('Quantidade de particoes', '4', 1018),
('Swap total (GB)', '12', 1020),
('Ram total (GB)', '32', 1020),
('Quantidade de nucleos fisicos', '6', 1019),
('Quantidade de nucleos logicos', '32', 1019),
('Quantidade de particoes', '3', 1021),
('Swap total (GB)', '12', 1023),
('Ram total (GB)', '32', 1023),
('Quantidade de nucleos fisicos', '6', 1022),
('Quantidade de nucleos logicos', '32', 1022),
('Quantidade de particoes', '3', 1024);

-- PARAMETRO_ALERTA (3 por servidor, %)
INSERT INTO infomotion.parametro_alerta (id, fk_servidor, fk_componente, max, duracao_min, unidade_medida)
VALUES
(2001, 5, 1001, '92', 7, '%'),
(2002, 5, 1002, '86', 8, '%'),
(2003, 5, 1003, '75', 12, '%'),
(2004, 6, 1004, '92', 6, '%'),
(2005, 6, 1005, '84', 8, '%'),
(2006, 6, 1006, '78', 14, '%'),
(2007, 7, 1007, '93', 7, '%'),
(2008, 7, 1008, '84', 9, '%'),
(2009, 7, 1009, '74', 10, '%'),
(2010, 8, 1010, '92', 6, '%'),
(2011, 8, 1011, '86', 11, '%'),
(2012, 8, 1012, '78', 14, '%'),
(2013, 9, 1013, '93', 5, '%'),
(2014, 9, 1014, '85', 9, '%'),
(2015, 9, 1015, '75', 10, '%'),
(2016, 10, 1016, '95', 6, '%'),
(2017, 10, 1017, '82', 9, '%'),
(2018, 10, 1018, '75', 15, '%'),
(2040, 2, 1022, '92', 7, '%'),
(2041, 2, 1023, '86', 8, '%'),
(2042, 2, 1024, '75', 12, '%')
;

INSERT INTO infomotion.parametro_alerta (id, fk_servidor, fk_componente, max, duracao_min, unidade_medida)
VALUES
-- Servidor 5
(2019, 5, 1001, 90, 15, 'C'), -- CPU Temperatura (90°C é um limite comum)
(2020, 5, 1003, 48, 15, 'C'), -- DISCO Temperatura (48°C é um limite para SSD/HDD)

-- Servidor 6
(2021, 6, 1004, 90, 15, 'C'), -- CPU Temperatura
(2022, 6, 1006, 52, 15, 'C'), -- DISCO Temperatura

-- Servidor 7
(2023, 7, 1007, 92, 15, 'C'), -- CPU Temperatura
(2024, 7, 1009, 49, 15, 'C'), -- DISCO Temperatura

-- Servidor 8
(2025, 8, 1010, 90, 15, 'C'), -- CPU Temperatura
(2026, 8, 1012, 50, 15, 'C'), -- DISCO Temperatura

-- Servidor 9
(2027, 9, 1013, 92, 15, 'C'), -- CPU Temperatura
(2028, 9, 1015, 47, 15, 'C'), -- DISCO Temperatura

-- Servidor 10
(2029, 10, 1016, 94, 15, 'C'), -- CPU Temperatura
(2030, 10, 1018, 51, 15, 'C') -- DISCO Temperatura
;

-- PARÂMETROS DE ALERTA
INSERT INTO infomotion.parametro_alerta (fk_servidor, fk_componente, max, duracao_min, unidade_medida)
VALUES
(1, 1019, '90', '5', '%'),  
(1, 1020, '85', '10', '%'),  
(1, 1021, '80', '15', '%');

-- USUARIO_HAS_SERVIDOR (associar usuários existentes 1 e 2 aos novos servidores)
INSERT INTO infomotion.usuario_has_servidor (fk_usuario, fk_servidor)
VALUES
(1, 1),
(1, 2),
(1, 5),
(1, 6),
(1, 9),
(1, 10),
(2, 1),
(2, 2),
(2, 5),
(2, 6),
(2, 9),
(2, 10),
(3, 1),
(3, 2),
(3, 5),
(3, 6),
(3, 9),
(3, 10),
(4, 1),
(4, 2),
(4, 5),
(4, 6),
(4, 9),
(4, 10),
(5, 1),
(5, 2),
(5, 5),
(5, 6),
(5, 9),
(5, 10);

select * from servidor;

-- REGISTRO_SERVIDOR (30) servidor 1
INSERT INTO infomotion.registro_servidor 
(fk_servidor, uso_cpu, uso_ram, uso_disco, qtd_processos, temp_cpu, temp_disco, upload, download, dt_registro)
VALUES
(1, 88.52, 62.45, 50.29, 206, 40.4, 26.97, 120.3, 185.7, '2025-11-04 11:39:00'),
(1, 73.19, 59.83, 50.96, 316, 88.15, 56.55, 98.4, 160.2, '2025-11-04 11:40:00'),
(1, 41.37, 68.27, 50.02, 172, 49.54, 60.09, 55.1, 110.6, '2025-11-04 11:41:00'),
(1, 92.14, 70.48, 50.57, 99, 89.26, 54.64, 130.9, 190.4, '2025-11-04 11:43:00'),
(1, 57.64, 53.75, 50.52, 279, 56.45, 61.17, 76.2, 145.3, '2025-11-04 11:44:00'),
(1, 83.29, 78.41, 50.58, 302, 51.59, 49.49, 115.8, 175.9, '2025-11-04 11:45:00'),
(1, 46.08, 75.64, 50.17, 175, 94.69, 34.39, 63.4, 120.8, '2025-11-04 11:46:00'),
(1, 68.73, 70.12, 50.06, 189, 43.54, 43.29, 90.2, 158.5, '2025-11-04 11:47:00'),
(1, 38.27, 61.54, 50.8, 137, 54.82, 34.15, 48.7, 102.3, '2025-11-04 11:48:00'),
(1, 95.12, 57.62, 50.72, 183, 92.07, 40.27, 135.4, 195.6, '2025-11-04 11:49:00'),
(1, 64.79, 74.33, 50.49, 235, 69.55, 60.16, 88.4, 150.7, '2025-11-04 11:50:00'),
(1, 37.58, 68.05, 50.38, 178, 46.07, 50.39, 44.3, 95.4, '2025-11-04 11:51:00'),
(1, 79.92, 54.28, 50.01, 346, 41.17, 32.87, 112.1, 170.9, '2025-11-04 11:52:00'),
(1, 90.34, 73.12, 50.21, 222, 63.92, 54.02, 129.5, 188.3, '2025-11-04 11:53:00'),
(1, 55.61, 65.89, 51.38, 224, 42.68, 51.58, 72.3, 132.8, '2025-11-04 11:54:00'),
(1, 69.42, 71.77, 51.17, 171, 76.97, 51.97, 95.1, 160.6, '2025-11-04 11:55:00'),
(1, 82.56, 67.94, 51.19, 314, 66.76, 34.15, 118.6, 178.1, '2025-11-04 11:56:00'),
(1, 48.38, 59.87, 51.26, 215, 68.74, 27.15, 61.9, 121.2, '2025-11-04 11:57:00'),
(1, 74.69, 75.61, 51.45, 227, 44.33, 41.48, 101.7, 166.4, '2025-11-04 11:58:00'),
(1, 91.03, 64.52, 51.4, 276, 80.1, 28.9, 132.4, 192.7, '2025-11-04 11:59:00'),
(1, 63.15, 70.88, 52.37, 311, 69.2, 52.4, 87.6, 148.5, '2025-11-04 12:00:00'),
(1, 36.21, 75.19, 52.43, 216, 86.13, 46.12, 43.9, 94.1, '2025-11-04 12:01:00'),
(1, 84.07, 72.03, 52.25, 222, 86.96, 49.23, 120.1, 177.4, '2025-11-04 12:02:00'),
(1, 58.95, 67.85, 52.51, 128, 91.52, 29.72, 75.3, 137.8, '2025-11-04 12:03:00'),
(1, 95.41, 77.16, 52.93, 205, 82.89, 58.85, 139.2, 198.1, '2025-11-04 12:04:00'),
(1, 39.56, 61.48, 52.98, 115, 43.19, 57.36, 50.8, 108.4, '2025-11-04 12:05:00'),
(1, 87.72, 69.24, 52.35, 304, 52.68, 32.95, 125.7, 182.9, '2025-11-04 12:06:00'),
(1, 47.88, 53.89, 54.37, 157, 49.85, 34.35, 59.2, 118.3, '2025-11-04 12:07:00'),
(1, 77.09, 62.17, 54.34, 113, 61.51, 48.99, 107.8, 168.5, '2025-11-04 12:08:00'),
(1, 93.62, 71.02, 54.48, 210, 66.6, 50.97, 137.6, 196.4, '2025-11-04 12:09:00');


-- REGISTRO_SERVIDOR (30) servidor 2
INSERT INTO infomotion.registro_servidor 
(fk_servidor, uso_cpu, uso_ram, uso_disco, qtd_processos, temp_cpu, temp_disco, upload, download, dt_registro)
VALUES
(2, 28.46, 78.29, 70.29, 206, 40.4, 26.97, 35.2, 82.5, '2025-11-04 11:39:00'),
(2, 34.91, 84.76, 70.96, 316, 88.15, 56.55, 41.7, 95.3, '2025-11-04 11:40:00'),
(2, 42.55, 73.13, 70.02, 172, 49.54, 60.09, 50.9, 120.4, '2025-11-04 11:41:00'),
(2, 25.17, 80.94, 70.57, 99, 89.26, 54.64, 22.4, 65.7, '2025-11-04 11:43:00'),
(2, 61.63, 69.31, 70.52, 279, 56.45, 61.17, 78.6, 150.9, '2025-11-04 11:44:00'),
(2, 39.85, 85.24, 70.58, 302, 51.59, 49.49, 45.3, 110.6, '2025-11-04 11:45:00'),
(2, 54.32, 88.77, 70.17, 175, 94.69, 34.39, 60.2, 98.3, '2025-11-04 11:46:00'),
(2, 66.75, 79.22, 70.06, 189, 43.54, 43.29, 92.1, 175.8, '2025-11-04 11:47:00'),
(2, 32.68, 67.58, 70.72, 183, 92.07, 40.27, 33.4, 88.7, '2025-11-04 11:49:00'),
(2, 58.64, 86.32, 70.49, 235, 69.55, 60.16, 70.6, 142.3, '2025-11-04 11:50:00'),
(2, 23.71, 79.47, 71.38, 178, 46.07, 50.39, 18.7, 55.4, '2025-11-04 11:51:00'),
(2, 31.85, 69.88, 71.01, 346, 41.17, 32.87, 29.9, 75.2, '2025-11-04 11:52:00'),
(2, 49.34, 83.62, 71.21, 222, 63.92, 54.02, 58.3, 118.1, '2025-11-04 11:53:00'),
(2, 36.47, 77.29, 71.38, 224, 42.68, 51.58, 37.8, 102.7, '2025-11-04 11:54:00'),
(2, 65.12, 89.11, 71.17, 171, 76.97, 51.97, 95.4, 180.2, '2025-11-04 11:55:00'),
(2, 41.92, 81.85, 71.19, 314, 66.76, 34.15, 49.2, 109.9, '2025-11-04 11:56:00'),
(2, 54.67, 84.21, 71.26, 215, 68.74, 27.15, 61.3, 140.1, '2025-11-04 11:57:00'),
(2, 63.58, 73.46, 71.45, 227, 44.33, 41.48, 84.2, 155.3, '2025-11-04 11:58:00'),
(2, 29.88, 85.52, 71.4, 276, 80.1, 28.9, 32.7, 91.8, '2025-11-04 11:59:00'),
(2, 47.15, 78.69, 71.37, 311, 69.2, 52.4, 56.1, 130.6, '2025-11-04 12:00:00'),
(2, 37.09, 88.92, 71.43, 216, 86.13, 46.12, 44.8, 99.5, '2025-11-04 12:01:00'),
(2, 55.83, 71.27, 71.25, 222, 86.96, 49.23, 63.5, 145.7, '2025-11-04 12:02:00'),
(2, 43.68, 77.54, 72.51, 128, 91.52, 29.72, 48.3, 123.2, '2025-11-04 12:03:00'),
(2, 67.44, 79.92, 72.93, 205, 82.89, 58.85, 97.1, 188.6, '2025-11-04 12:04:00'),
(2, 58.16, 87.13, 72.98, 115, 43.19, 57.36, 72.8, 160.4, '2025-11-04 12:05:00'),
(2, 40.32, 75.19, 72.35, 304, 52.68, 32.95, 52.6, 105.9, '2025-11-04 12:06:00'),
(2, 21.98, 84.76, 72.37, 157, 49.85, 34.35, 15.9, 48.2, '2025-11-04 12:07:00'),
(2, 33.24, 72.85, 72.34, 113, 61.51, 48.99, 28.4, 86.1, '2025-11-04 12:08:00'),
(2, 64.11, 89.42, 72.48, 210, 66.6, 50.97, 90.3, 170.7, '2025-11-04 12:09:00');



-- REGISTRO_SERVIDOR (100) servidor 5
INSERT INTO infomotion.registro_servidor
(fk_servidor, uso_cpu, uso_ram, uso_disco, qtd_processos, temp_cpu, temp_disco, dt_registro, upload, download)
VALUES
(5, 40.93, 65.17, 47.18, 121, 94.34, 63.0, '2025-11-04 11:39:00', 22.84, 187.32),
(5, 17.23, 90.82, 90.65, 226, 88.13, 47.9, '2025-11-04 11:40:00', 18.11, 264.77),
(5, 66.34, 69.69, 64.21, 144, 59.45, 51.12, '2025-11-04 11:41:00', 34.52, 221.04),
(5, 51.12, 54.06, 91.46, 113, 89.27, 63.64, '2025-11-04 11:42:00', 11.94, 171.66),
(5, 15.98, 78.57, 72.9, 307, 49.75, 27.44, '2025-11-04 11:43:00', 7.45, 115.28),
(5, 56.32, 92.01, 72.42, 161, 81.23, 52.84, '2025-11-04 11:44:00', 33.09, 258.71),
(5, 83.74, 53.99, 84.83, 334, 87.64, 64.41, '2025-11-04 11:45:00', 27.72, 204.81),
(5, 93.96, 56.36, 68.91, 111, 63.73, 64.21, '2025-11-04 11:46:00', 37.44, 284.62),
(5, 33.73, 88.93, 60.93, 308, 67.79, 33.22, '2025-11-04 11:47:00', 9.82, 132.57),
(5, 24.43, 51.73, 45.54, 210, 47.59, 49.73, '2025-11-04 11:48:00', 16.55, 168.40),
(5, 63.48, 63.38, 44.99, 343, 95.49, 43.81, '2025-11-04 11:49:00', 28.67, 213.90),
(5, 36.43, 93.69, 52.72, 212, 42.63, 55.6, '2025-11-04 11:50:00', 11.33, 151.42),
(5, 81.14, 89.41, 73.55, 219, 46.2, 36.52, '2025-11-04 11:51:00', 22.04, 205.33),
(5, 31.93, 77.35, 83.26, 243, 67.61, 61.81, '2025-11-04 11:52:00', 7.58, 127.60),
(5, 52.08, 59.59, 92.48, 240, 77.64, 45.12, '2025-11-04 11:53:00', 19.90, 244.72),
(5, 60.57, 63.24, 44.42, 344, 55.2, 55.05, '2025-11-04 11:54:00', 12.66, 169.12),
(5, 46.4, 63.16, 67.85, 347, 51.11, 63.05, '2025-11-04 11:55:00', 18.27, 180.96),
(5, 16.63, 69.95, 70.82, 238, 73.04, 59.83, '2025-11-04 11:56:00', 9.45, 129.77),
(5, 53.93, 68.37, 67.43, 147, 76.94, 33.4, '2025-11-04 11:57:00', 25.13, 230.45),
(5, 38.69, 76.49, 46.26, 151, 97.78, 63.35, '2025-11-04 11:58:00', 14.61, 183.99),
(5, 80.34, 60.11, 92.28, 330, 72.29, 55.62, '2025-11-04 11:59:00', 36.21, 289.43),
(5, 47.88, 64.91, 80.37, 275, 41.96, 41.28, '2025-11-04 12:00:00', 26.04, 241.12),
(5, 28.55, 72.61, 60.55, 266, 50.88, 42.33, '2025-11-04 12:01:00', 10.91, 158.44),
(5, 91.59, 87.17, 72.14, 137, 95.42, 53.17, '2025-11-04 12:02:00', 38.77, 292.88),
(5, 65.24, 58.49, 58.09, 132, 78.33, 63.64, '2025-11-04 12:03:00', 31.88, 214.10),
(5, 49.9, 85.4, 56.22, 146, 94.39, 25.8, '2025-11-04 12:04:00', 29.44, 201.27),
(5, 59.49, 51.84, 53.04, 350, 55.14, 48.13, '2025-11-04 12:05:00', 19.17, 162.82),
(5, 86.61, 54.41, 48.26, 276, 56.91, 40.08, '2025-11-04 12:06:00', 33.78, 259.63),
(5, 77.81, 71.44, 72.52, 321, 51.96, 36.54, '2025-11-04 12:07:00', 22.05, 186.50),
(5, 33.73, 62.09, 54.34, 316, 69.48, 58.09, '2025-11-04 12:08:00', 9.33, 141.72),
(5, 45.56, 68.11, 62.26, 176, 96.82, 52.92, '2025-11-04 12:09:00', 13.79, 168.82),
(5, 82.27, 92.67, 88.26, 311, 73.13, 46.36, '2025-11-04 12:10:00', 35.41, 278.22),
(5, 58.33, 55.94, 47.73, 257, 55.05, 55.48, '2025-11-04 12:11:00', 18.44, 195.60),
(5, 41.72, 65.31, 60.61, 174, 61.39, 52.04, '2025-11-04 12:12:00', 12.90, 171.77);



-- REGISTRO_SERVIDOR (100) servidor 6
INSERT INTO infomotion.registro_servidor
(fk_servidor, uso_cpu, uso_ram, uso_disco, qtd_processos, temp_cpu, temp_disco, upload, download, dt_registro)
VALUES
(6, 12.45, 55.23, 65.44, 188, 41.32, 28.55, 18.72, 152.33, '2025-11-04 11:39:00'),
(6, 22.77, 62.14, 66.12, 244, 52.87, 30.11, 12.43, 189.52, '2025-11-04 11:40:00'),
(6, 19.33, 59.76, 65.78, 203, 48.98, 29.44, 25.91, 233.80, '2025-11-04 11:41:00'),
(6, 28.14, 64.02, 66.55, 167, 57.22, 31.09, 34.77, 205.19, '2025-11-04 11:42:00'),
(6, 32.91, 68.55, 66.71, 215, 60.12, 33.48, 15.03, 174.66, '2025-11-04 11:43:00'),
(6, 25.67, 61.39, 65.92, 256, 49.37, 27.44, 22.84, 268.11, '2025-11-04 11:44:00'),
(6, 35.72, 70.14, 66.87, 277, 63.55, 35.11, 18.61, 198.29, '2025-11-04 11:45:00'),
(6, 41.55, 72.01, 67.25, 192, 66.91, 36.62, 29.82, 231.77, '2025-11-04 11:46:00'),
(6, 29.61, 58.22, 65.33, 143, 47.16, 32.04, 13.72, 157.08, '2025-11-04 11:47:00'),
(6, 44.88, 73.34, 68.01, 228, 70.24, 37.15, 31.40, 254.62, '2025-11-04 11:48:00'),
(6, 37.24, 69.15, 67.44, 255, 58.62, 34.55, 16.94, 187.11, '2025-11-04 11:49:00'),
(6, 18.92, 63.77, 66.28, 174, 45.33, 29.41, 10.55, 151.66, '2025-11-04 11:50:00'),
(6, 26.15, 57.13, 65.17, 193, 43.22, 28.01, 24.29, 211.72, '2025-11-04 11:51:00'),
(6, 31.88, 61.44, 65.66, 214, 55.78, 33.12, 19.73, 196.55, '2025-11-04 11:52:00'),
(6, 28.33, 66.14, 67.52, 162, 52.44, 31.91, 21.66, 185.20, '2025-11-04 11:53:00'),
(6, 39.12, 74.22, 68.15, 189, 68.09, 36.18, 27.02, 243.91, '2025-11-04 11:54:00'),
(6, 33.55, 67.52, 66.89, 204, 59.18, 31.44, 14.41, 163.02, '2025-11-04 11:55:00'),
(6, 22.88, 60.91, 66.03, 177, 48.27, 30.22, 11.72, 140.53, '2025-11-04 11:56:00'),
(6, 36.77, 69.42, 67.55, 219, 63.14, 34.81, 28.48, 226.88, '2025-11-04 11:57:00'),
(6, 41.14, 73.88, 68.27, 255, 71.11, 37.24, 19.04, 173.22, '2025-11-04 11:58:00'),
(6, 27.66, 62.28, 66.12, 166, 56.41, 32.11, 12.99, 201.08, '2025-11-04 11:59:00'),
(6, 34.91, 71.19, 67.74, 231, 67.02, 33.97, 24.84, 258.77, '2025-11-04 12:00:00'),
(6, 38.12, 69.77, 68.52, 198, 69.14, 35.66, 17.71, 183.91, '2025-11-04 12:01:00'),
(6, 25.44, 59.38, 66.09, 122, 44.03, 26.91, 13.15, 154.55, '2025-11-04 12:02:00'),
(6, 43.55, 74.15, 68.88, 245, 72.55, 38.77, 35.02, 295.33, '2025-11-04 12:03:00'),
(6, 21.77, 58.44, 65.44, 119, 41.22, 26.44, 15.81, 166.49, '2025-11-04 12:04:00'),
(6, 32.91, 63.19, 66.55, 305, 50.81, 29.15, 10.88, 148.77, '2025-11-04 12:05:00'),
(6, 19.44, 57.11, 65.33, 143, 47.02, 27.41, 22.71, 173.22, '2025-11-04 12:06:00'),
(6, 29.88, 66.44, 67.55, 214, 61.11, 33.77, 30.14, 263.44, '2025-11-04 12:07:00'),
(6, 37.11, 72.02, 68.33, 233, 66.44, 36.11, 18.55, 194.17, '2025-11-04 12:08:00'),
(6, 33.50, 68.01, 67.11, 220, 58.77, 32.55, 27.33, 218.90, '2025-11-04 12:09:00');



-- REGISTRO_SERVIDOR (100) servidor 7
INSERT INTO infomotion.registro_servidor
(fk_servidor, uso_cpu, uso_ram, uso_disco, qtd_processos, temp_cpu, temp_disco, upload, download, dt_registro)
VALUES
(7, 87.34, 40.19, 58.04, 303, 41.8, 38.44, 25.11, 215.33, '2025-11-04 11:39:00'),
(7, 67.63, 22.58, 54.3, 139, 87.14, 34.23, 11.45, 178.90, '2025-11-04 11:40:00'),
(7, 24.0, 20.76, 30.03, 141, 94.45, 39.68, 88.02, 35.12, '2025-11-04 11:41:00'),
(7, 31.21, 47.32, 62.71, 247, 41.71, 57.94, 7.33, 298.77, '2025-11-04 11:42:00'),
(7, 53.7, 74.59, 80.21, 185, 51.48, 48.88, 155.09, 110.40, '2025-11-04 11:43:00'),
(7, 80.47, 62.64, 68.38, 276, 41.21, 29.75, 42.99, 199.15, '2025-11-04 11:44:00'),
(7, 65.56, 74.32, 86.37, 342, 44.22, 45.53, 18.06, 230.55, '2025-11-04 11:45:00'),
(7, 88.27, 20.79, 64.65, 112, 67.92, 49.78, 101.90, 48.66, '2025-11-04 11:46:00'),
(7, 77.95, 65.98, 44.38, 179, 65.67, 43.6, 6.44, 157.82, '2025-11-04 11:47:00'),
(7, 40.48, 87.32, 40.39, 140, 52.96, 27.14, 140.22, 277.01, '2025-11-04 11:48:00'),
(7, 83.43, 32.79, 70.63, 173, 86.1, 45.01, 29.08, 122.33, '2025-11-04 11:49:00'),
(7, 61.84, 72.05, 39.82, 241, 71.01, 55.52, 95.33, 166.44, '2025-11-04 11:50:00'),
(7, 55.23, 85.98, 50.33, 188, 87.71, 43.44, 13.90, 89.99, '2025-11-04 11:51:00'),
(7, 13.76, 37.09, 33.58, 349, 68.18, 56.05, 177.34, 255.19, '2025-11-04 11:52:00'),
(7, 47.97, 93.24, 73.03, 98, 58.62, 60.72, 55.88, 132.88, '2025-11-04 11:53:00'),
(7, 44.1, 55.2, 65.35, 262, 44.48, 27.56, 7.07, 291.55, '2025-11-04 11:54:00'),
(7, 38.57, 29.77, 77.16, 244, 59.62, 37.1, 145.99, 30.55, '2025-11-04 11:55:00'),
(7, 61.86, 67.8, 60.72, 305, 46.19, 43.77, 24.55, 172.99, '2025-11-04 11:56:00'),
(7, 28.95, 24.84, 83.86, 90, 65.16, 38.4, 105.78, 288.75, '2025-11-04 11:57:00'),
(7, 58.62, 63.77, 53.27, 328, 63.16, 51.13, 10.45, 150.33, '2025-11-04 11:58:00'),
(7, 88.04, 51.5, 42.7, 258, 89.99, 26.09, 199.12, 77.14, '2025-11-04 11:59:00'),
(7, 34.81, 83.95, 59.48, 339, 42.84, 64.32, 31.40, 250.71, '2025-11-04 12:00:00'),
(7, 53.68, 27.02, 49.49, 274, 94.74, 56.75, 16.94, 118.67, '2025-11-04 12:01:00'),
(7, 58.11, 67.76, 68.29, 128, 69.39, 27.65, 85.67, 183.99, '2025-11-04 12:02:00'),
(7, 63.2, 67.19, 71.53, 225, 69.6, 25.35, 20.07, 294.50, '2025-11-04 12:03:00'),
(7, 58.86, 78.1, 77.52, 239, 44.79, 58.15, 12.99, 161.77, '2025-11-04 12:04:00'),
(7, 77.21, 35.84, 82.44, 337, 93.94, 57.97, 191.01, 91.55, '2025-11-04 12:05:00'),
(7, 64.53, 83.18, 84.07, 227, 82.49, 28.76, 55.44, 285.02, '2025-11-04 12:06:00'),
(7, 63.88, 52.68, 87.56, 211, 42.8, 51.75, 7.82, 41.69, '2025-11-04 12:07:00'),
(7, 29.99, 59.8, 89.69, 269, 69.44, 64.0, 115.11, 255.44, '2025-11-04 12:08:00'),
(7, 75.88, 83.37, 34.24, 289, 88.58, 29.94, 187.50, 109.41, '2025-11-04 12:09:00'),
(7, 43.08, 63.6, 76.26, 208, 42.69, 50.83, 27.50, 245.99, '2025-11-04 12:10:00'),
(7, 22.34, 33.35, 44.26, 121, 63.17, 58.67, 10.99, 168.02, '2025-11-04 12:11:00'),
(7, 30.73, 58.68, 34.29, 107, 72.5, 26.38, 118.88, 33.27, '2025-11-04 12:12:00'),
(7, 41.35, 39.03, 83.18, 229, 41.43, 33.45, 15.55, 237.22, '2025-11-04 12:13:00'),
(7, 75.83, 32.66, 58.27, 349, 80.14, 57.34, 19.34, 193.44, '2025-11-04 12:14:00'),
(7, 76.49, 46.42, 54.74, 325, 60.01, 45.8, 201.76, 55.11, '2025-11-04 12:15:00'),
(7, 31.48, 87.77, 51.91, 205, 83.52, 52.28, 60.83, 276.50, '2025-11-04 12:16:00'),
(7, 56.47, 72.95, 78.59, 257, 66.57, 43.97, 8.44, 40.28, '2025-11-04 12:17:00'),
(7, 37.84, 86.41, 96.65, 200, 78.64, 60.02, 14.88, 114.72, '2025-11-04 12:18:00'),
(7, 12.81, 32.42, 57.7, 277, 69.09, 60.34, 15.68, 255.48, '2025-11-04 12:19:00'),
(7, 26.44, 39.59, 33.29, 274, 54.42, 39.37, 25.17, 130.41, '2025-11-04 12:20:00'),
(7, 63.79, 73.96, 81.3, 336, 55.9, 55.97, 88.02, 215.35, '2025-11-04 12:21:00');


-- REGISTRO_SERVIDOR (100) servidor 8
INSERT INTO infomotion.registro_servidor
(fk_servidor, uso_cpu, uso_ram, uso_disco, qtd_processos, temp_cpu, temp_disco, upload, download, dt_registro)
VALUES
(8, 12.17, 59.33, 38.24, 84, 71.68, 40.46, 171.30, 87.05, '2025-11-04 11:39:00'),
(8, 71.41, 41.81, 39.22, 127, 42.15, 37.12, 184.28, 201.00, '2025-11-04 11:40:00'),
(8, 94.38, 44.41, 42.28, 148, 74.38, 51.21, 25.10, 246.57, '2025-11-04 11:41:00'),
(8, 19.6, 85.01, 80.37, 349, 41.85, 26.37, 107.50, 110.15, '2025-11-04 11:42:00'),
(8, 48.02, 31.79, 66.42, 286, 51.83, 53.8, 227.42, 169.59, '2025-11-04 11:43:00'),
(8, 56.86, 20.42, 76.88, 286, 57.8, 27.86, 153.25, 230.93, '2025-11-04 11:44:00'),
(8, 60.42, 56.96, 64.47, 187, 47.99, 36.97, 16.64, 137.98, '2025-11-04 11:45:00'),
(8, 61.98, 43.48, 60.85, 120, 87.32, 31.63, 154.21, 288.60, '2025-11-04 11:46:00'),
(8, 47.38, 68.52, 61.3, 112, 77.6, 54.06, 99.41, 231.13, '2025-11-04 11:47:00'),
(8, 74.74, 22.28, 91.71, 307, 56.93, 57.65, 153.30, 249.20, '2025-11-04 11:48:00'),
(8, 66.41, 47.73, 77.31, 221, 57.45, 33.2, 240.50, 203.11, '2025-11-04 11:49:00'),
(8, 81.71, 74.45, 81.54, 268, 89.29, 40.93, 20.08, 105.16, '2025-11-04 11:50:00'),
(8, 52.48, 36.12, 71.24, 337, 49.36, 54.55, 23.32, 181.86, '2025-11-04 11:51:00'),
(8, 59.94, 30.56, 72.35, 84, 65.98, 42.39, 272.71, 194.21, '2025-11-04 11:52:00'),
(8, 16.9, 53.45, 45.07, 269, 92.63, 64.66, 179.64, 286.08, '2025-11-04 11:53:00'),
(8, 12.68, 25.38, 93.32, 252, 71.76, 48.84, 186.43, 107.82, '2025-11-04 11:54:00'),
(8, 38.7, 57.34, 38.57, 268, 41.75, 62.31, 273.43, 226.75, '2025-11-04 11:55:00'),
(8, 32.96, 31.55, 68.73, 219, 62.95, 46.6, 219.01, 153.22, '2025-11-04 11:56:00'),
(8, 88.3, 58.42, 67.18, 252, 65.93, 27.47, 22.84, 76.53, '2025-11-04 11:57:00'),
(8, 41.96, 37.84, 65.69, 192, 84.44, 57.41, 102.50, 154.20, '2025-11-04 11:58:00'),
(8, 91.01, 67.69, 44.17, 291, 66.77, 36.17, 168.08, 114.39, '2025-11-04 11:59:00'),
(8, 19.78, 79.78, 96.82, 314, 75.22, 29.53, 269.83, 281.42, '2025-11-04 12:00:00'),
(8, 38.46, 46.63, 67.51, 204, 81.03, 42.38, 274.07, 102.66, '2025-11-04 12:01:00'),
(8, 71.87, 24.25, 95.99, 124, 48.32, 57.35, 237.58, 168.04, '2025-11-04 12:02:00'),
(8, 44.85, 53.33, 84.13, 274, 74.38, 42.18, 187.50, 133.00, '2025-11-04 12:03:00'),
(8, 36.85, 81.94, 43.98, 207, 87.41, 25.37, 277.62, 262.29, '2025-11-04 12:04:00'),
(8, 54.44, 69.35, 51.13, 274, 49.03, 62.97, 14.95, 219.88, '2025-11-04 12:05:00'),
(8, 92.77, 70.17, 82.68, 81, 67.5, 62.18, 172.90, 89.91, '2025-11-04 12:06:00'),
(8, 29.33, 49.47, 77.27, 222, 55.9, 26.55, 126.91, 225.04, '2025-11-04 12:07:00'),
(8, 37.89, 82.64, 31.24, 276, 62.01, 50.89, 261.27, 237.28, '2025-11-04 12:08:00'),
(8, 27.45, 27.33, 70.32, 251, 90.06, 26.83, 114.61, 222.11, '2025-11-04 12:09:00'),
(8, 71.71, 73.09, 58.26, 252, 94.69, 54.64, 252.17, 201.24, '2025-11-04 12:10:00'),
(8, 14.06, 76.71, 92.09, 134, 87.43, 52.67, 140.10, 15.68, '2025-11-04 12:11:00'),
(8, 26.57, 32.97, 59.88, 111, 76.62, 42.06, 127.34, 228.69, '2025-11-04 12:12:00'),
(8, 24.64, 36.43, 69.98, 101, 78.75, 56.56, 16.48, 187.05, '2025-11-04 12:13:00'),
(8, 81.87, 44.52, 34.51, 297, 86.14, 64.65, 141.22, 178.50, '2025-11-04 12:14:00'),
(8, 84.92, 28.0, 41.2, 324, 44.83, 59.83, 151.27, 196.88, '2025-11-04 12:15:00'),
(8, 12.13, 83.85, 78.45, 234, 85.71, 58.03, 240.50, 203.11, '2025-11-04 12:16:00'),
(8, 69.71, 67.0, 79.36, 292, 93.36, 26.39, 20.08, 105.16, '2025-11-04 12:17:00'),
(8, 45.54, 91.26, 56.03, 303, 40.79, 34.9, 23.32, 181.86, '2025-11-04 12:18:00'),
(8, 18.84, 53.45, 58.83, 123, 94.92, 30.47, 272.71, 194.21, '2025-11-04 12:19:00'),
(8, 71.5, 53.89, 73.68, 86, 74.44, 35.22, 179.64, 286.08, '2025-11-04 12:20:00'),
(8, 68.11, 25.56, 70.65, 279, 64.69, 27.63, 186.43, 107.82, '2025-11-04 12:21:00'),
(8, 34.63, 70.2, 93.42, 341, 75.8, 45.69, 273.43, 226.75, '2025-11-04 12:22:00'),
(8, 29.62, 23.16, 69.15, 337, 56.3, 62.4, 219.01, 153.22, '2025-11-04 12:23:00'),
(8, 23.77, 28.34, 93.18, 187, 85.52, 35.39, 22.84, 76.53, '2025-11-04 12:24:00'),
(8, 75.76, 22.5, 58.63, 282, 70.2, 32.77, 102.50, 154.20, '2025-11-04 12:25:00'),
(8, 10.51, 68.47, 56.05, 116, 82.17, 61.57, 168.08, 114.39, '2025-11-04 12:26:00'),
(8, 90.49, 22.89, 46.52, 214, 88.38, 35.53, 269.83, 281.42, '2025-11-04 12:27:00'),
(8, 49.03, 54.94, 64.49, 82, 92.42, 32.28, 274.07, 102.66, '2025-11-04 12:28:00'),
(8, 11.2, 60.16, 97.97, 263, 65.86, 54.4, 237.58, 168.04, '2025-11-04 12:29:00'),
(8, 70.58, 62.92, 35.39, 200, 72.07, 44.08, 187.50, 133.00, '2025-11-04 12:30:00'),
(8, 18.77, 27.96, 91.96, 252, 90.29, 51.07, 277.62, 262.29, '2025-11-04 12:31:00'),
(8, 38.75, 85.28, 57.61, 276, 79.18, 28.44, 14.95, 219.88, '2025-11-04 12:32:00'),
(8, 41.05, 73.57, 62.27, 176, 74.17, 31.38, 172.90, 89.91, '2025-11-04 12:33:00'),
(8, 77.21, 70.4, 70.51, 326, 80.87, 54.07, 126.91, 225.04, '2025-11-04 12:34:00'),
(8, 68.56, 60.25, 77.76, 83, 69.02, 48.75, 261.27, 237.28, '2025-11-04 12:35:00'),
(8, 72.12, 41.96, 39.4, 273, 77.67, 59.07, 114.61, 222.11, '2025-11-04 12:36:00'),
(8, 65.29, 32.29, 30.53, 327, 51.7, 33.16, 252.17, 201.24, '2025-11-04 12:37:00'),
(8, 36.66, 86.99, 54.15, 297, 78.99, 38.69, 140.10, 15.68, '2025-11-04 12:38:00'),
(8, 92.45, 24.52, 77.03, 189, 86.61, 58.75, 127.34, 228.69, '2025-11-04 12:39:00'),
(8, 12.87, 32.85, 74.61, 228, 86.66, 53.17, 16.48, 187.05, '2025-11-04 12:40:00'),
(8, 37.42, 83.75, 64.34, 297, 87.09, 39.07, 141.22, 178.50, '2025-11-04 12:41:00'),
(8, 90.61, 89.54, 33.73, 220, 62.67, 53.17, 151.27, 196.88, '2025-11-04 12:42:00'),
(8, 74.18, 27.91, 81.75, 200, 48.88, 59.83, 240.50, 203.11, '2025-11-04 12:43:00'),
(8, 48.97, 57.66, 59.63, 171, 66.93, 53.03, 20.08, 105.16, '2025-11-04 12:44:00'),
(8, 94.92, 77.76, 49.9, 231, 43.29, 33.28, 23.32, 181.86, '2025-11-04 12:45:00'),
(8, 33.72, 22.86, 74.82, 141, 80.13, 31.43, 272.71, 194.21, '2025-11-04 12:46:00'),
(8, 81.05, 58.76, 73.8, 322, 75.43, 40.54, 179.64, 286.08, '2025-11-04 12:47:00'),
(8, 88.1, 69.62, 63.66, 215, 73.19, 58.83, 186.43, 107.82, '2025-11-04 12:48:00'),
(8, 20.3, 43.93, 63.89, 270, 58.58, 27.04, 273.43, 226.75, '2025-11-04 12:49:00'),
(8, 93.66, 31.3, 63.83, 158, 59.23, 29.17, 219.01, 153.22, '2025-11-04 12:50:00'),
(8, 49.92, 39.85, 63.14, 349, 61.9, 56.65, 22.84, 76.53, '2025-11-04 12:51:00'),
(8, 17.48, 49.46, 63.58, 140, 90.75, 53.83, 102.50, 154.20, '2025-11-04 12:52:00'),
(8, 14.03, 58.71, 63.64, 96, 49.9, 30.67, 168.08, 114.39, '2025-11-04 12:53:00'),
(8, 17.67, 79.81, 63.76, 280, 51.34, 32.72, 269.83, 281.42, '2025-11-04 12:54:00'),
(8, 18.73, 53.8, 63.11, 95, 81.89, 27.69, 274.07, 102.66, '2025-11-04 12:55:00'),
(8, 13.35, 81.66, 63.3, 263, 53.15, 52.84, 237.58, 168.04, '2025-11-04 12:56:00'),
(8, 21.37, 30.86, 63.99, 294, 79.54, 49.54, 187.50, 133.00, '2025-11-04 12:57:00'),
(8, 56.49, 21.36, 64.68, 312, 54.71, 43.64, 277.62, 262.29, '2025-11-04 12:58:00'),
(8, 71.2, 57.7, 64.91, 217, 81.13, 45.73, 14.95, 219.88, '2025-11-04 12:59:00'),
(8, 87.73, 25.82, 64.42, 114, 53.57, 54.85, 172.90, 89.91, '2025-11-04 13:00:00'),
(8, 93.53, 93.92, 64.27, 321, 93.51, 34.99, 126.91, 225.04, '2025-11-04 13:01:00'),
(8, 75.03, 73.33, 64.0, 347, 89.22, 30.0, 261.27, 237.28, '2025-11-04 13:02:00'),
(8, 94.53, 58.64, 64.98, 140, 41.63, 40.31, 114.61, 222.11, '2025-11-04 13:03:00'),
(8, 59.36, 94.52, 64.5, 330, 56.2, 62.82, 252.17, 201.24, '2025-11-04 13:04:00'),
(8, 84.33, 25.43, 64.72, 349, 71.03, 59.48, 140.10, 15.68, '2025-11-04 13:05:00'),
(8, 64.96, 32.22, 65.87, 152, 46.64, 25.6, 127.34, 228.69, '2025-11-04 13:06:00'),
(8, 85.24, 50.72, 65.61, 296, 80.82, 59.01, 16.48, 187.05, '2025-11-04 13:07:00'),
(8, 36.91, 32.43, 65.17, 158, 89.37, 54.03, 141.22, 178.50, '2025-11-04 13:08:00'),
(8, 74.34, 40.96, 65.89, 86, 55.93, 28.99, 151.27, 196.88, '2025-11-04 13:09:00'),
(8, 57.43, 65.82, 65.43, 304, 82.95, 36.11, 240.50, 203.11, '2025-11-04 13:10:00'),
(8, 54.16, 51.81, 66.75, 117, 66.46, 32.74, 20.08, 105.16, '2025-11-04 13:11:00'),
(8, 73.64, 83.28, 66.17, 302, 84.56, 26.8, 23.32, 181.86, '2025-11-04 13:12:00'),
(8, 16.88, 51.48, 66.79, 318, 76.77, 39.59, 272.71, 194.21, '2025-11-04 13:13:00'),
(8, 85.75, 55.57, 66.58, 247, 71.85, 49.16, 179.64, 286.08, '2025-11-04 13:14:00'),
(8, 83.5, 87.3, 66.54, 102, 91.55, 40.84, 186.43, 107.82, '2025-11-04 13:15:00'),
(8, 92.58, 56.68, 66.07, 269, 48.43, 45.53, 273.43, 226.75, '2025-11-04 13:16:00'),
(8, 14.26, 67.19, 66.4, 303, 72.39, 42.83, 219.01, 153.22, '2025-11-04 13:17:00'),
(8, 19.26, 58.1, 67.76, 337, 68.46, 33.74, 22.84, 76.53, '2025-11-04 13:18:00');


-- REGISTRO_SERVIDOR (100) servidor 9
INSERT INTO infomotion.registro_servidor
(fk_servidor, uso_cpu, uso_ram, uso_disco, qtd_processos, temp_cpu, temp_disco, upload, download, dt_registro)
VALUES
(9, 31.97, 87.81, 91.22, 300, 64.62, 43.99, 137.98, 288.60, '2025-11-04 11:39:00'),
(9, 66.44, 70.9, 97.23, 336, 62.33, 25.64, 99.41, 231.13, '2025-11-04 11:40:00'),
(9, 79.76, 49.75, 79.06, 296, 51.7, 57.4, 153.30, 249.20, '2025-11-04 11:41:00'),
(9, 61.48, 87.48, 72.38, 80, 68.22, 61.92, 240.50, 203.11, '2025-11-04 11:42:00'),
(9, 52.03, 86.35, 92.16, 164, 58.05, 63.13, 20.08, 105.16, '2025-11-04 11:43:00'),
(9, 52.64, 74.88, 89.01, 341, 73.13, 38.27, 23.32, 181.86, '2025-11-04 11:44:00'),
(9, 72.51, 85.43, 55.28, 334, 86.88, 51.42, 272.71, 194.21, '2025-11-04 11:45:00'),
(9, 65.29, 84.67, 92.39, 328, 42.84, 62.53, 179.64, 286.08, '2025-11-04 11:46:00'),
(9, 18.82, 37.8, 86.55, 218, 51.7, 60.13, 186.43, 107.82, '2025-11-04 11:47:00'),
(9, 16.54, 46.05, 85.24, 131, 62.7, 48.79, 273.43, 226.75, '2025-11-04 11:48:00'),
(9, 73.02, 61.35, 88.86, 255, 83.52, 40.78, 219.01, 153.22, '2025-11-04 11:49:00'),
(9, 89.85, 21.01, 58.44, 101, 51.57, 63.46, 22.84, 76.53, '2025-11-04 11:50:00'),
(9, 36.35, 27.57, 68.85, 297, 60.83, 27.28, 102.50, 154.20, '2025-11-04 11:51:00'),
(9, 78.17, 59.45, 34.69, 134, 89.48, 26.98, 168.08, 114.39, '2025-11-04 11:52:00'),
(9, 82.43, 29.4, 51.97, 252, 90.76, 62.63, 269.83, 281.42, '2025-11-04 11:53:00'),
(9, 11.64, 38.23, 54.22, 234, 54.17, 50.59, 274.07, 102.66, '2025-11-04 11:54:00'),
(9, 51.96, 47.54, 41.63, 128, 75.1, 40.86, 237.58, 168.04, '2025-11-04 11:55:00'),
(9, 15.07, 84.7, 62.12, 124, 90.04, 48.43, 187.50, 133.00, '2025-11-04 11:56:00'),
(9, 36.25, 57.74, 61.27, 245, 71.6, 62.18, 277.62, 262.29, '2025-11-04 11:57:00'),
(9, 24.42, 32.02, 51.19, 233, 52.56, 54.68, 14.95, 219.88, '2025-11-04 11:58:00'),
(9, 26.08, 22.97, 67.3, 162, 57.2, 34.59, 172.90, 89.91, '2025-11-04 11:59:00'),
(9, 25.14, 28.97, 71.19, 95, 80.08, 52.21, 126.91, 225.04, '2025-11-04 12:00:00'),
(9, 17.86, 52.49, 39.26, 342, 57.63, 39.23, 261.27, 237.28, '2025-11-04 12:01:00'),
(9, 93.77, 88.05, 85.97, 312, 51.58, 30.45, 114.61, 222.11, '2025-11-04 12:02:00'),
(9, 50.53, 77.05, 86.36, 93, 54.47, 31.19, 252.17, 201.24, '2025-11-04 12:03:00'),
(9, 68.79, 53.96, 72.91, 130, 73.27, 30.83, 140.10, 15.68, '2025-11-04 12:04:00'),
(9, 58.18, 24.06, 40.27, 169, 94.75, 35.35, 127.34, 228.69, '2025-11-04 12:05:00'),
(9, 56.92, 81.61, 33.49, 121, 54.11, 33.55, 16.48, 187.05, '2025-11-04 12:06:00'),
(9, 38.29, 41.44, 38.35, 190, 81.74, 39.71, 141.22, 178.50, '2025-11-04 12:07:00'),
(9, 42.03, 48.43, 64.73, 112, 82.28, 38.64, 151.27, 196.88, '2025-11-04 12:08:00'),
(9, 36.08, 53.19, 91.72, 292, 91.37, 40.34, 240.50, 203.11, '2025-11-04 12:09:00'),
(9, 93.96, 30.28, 69.66, 184, 59.46, 55.25, 20.08, 105.16, '2025-11-04 12:10:00'),
(9, 10.2, 64.92, 57.26, 350, 46.19, 55.9, 23.32, 181.86, '2025-11-04 12:11:00'),
(9, 76.93, 62.9, 47.6, 197, 47.28, 47.93, 272.71, 194.21, '2025-11-04 12:12:00'),
(9, 53.65, 56.27, 83.75, 265, 63.76, 43.36, 179.64, 286.08, '2025-11-04 12:13:00'),
(9, 42.01, 51.24, 34.24, 277, 75.0, 34.09, 186.43, 107.82, '2025-11-04 12:14:00'),
(9, 16.61, 27.21, 30.71, 116, 94.47, 44.83, 273.43, 226.75, '2025-11-04 12:15:00'),
(9, 41.04, 61.21, 85.53, 304, 74.8, 31.79, 219.01, 153.22, '2025-11-04 12:16:00'),
(9, 62.21, 26.65, 66.21, 214, 92.19, 63.52, 22.84, 76.53, '2025-11-04 12:17:00'),
(9, 61.68, 23.02, 78.8, 110, 63.2, 36.19, 102.50, 154.20, '2025-11-04 12:18:00'),
(9, 86.04, 31.32, 41.45, 263, 79.93, 62.32, 168.08, 114.39, '2025-11-04 12:19:00'),
(9, 33.73, 55.75, 52.95, 145, 67.95, 38.7, 269.83, 281.42, '2025-11-04 12:20:00'),
(9, 83.06, 47.8, 86.88, 112, 84.01, 49.93, 274.07, 102.66, '2025-11-04 12:21:00'),
(9, 25.78, 75.51, 78.3, 142, 92.32, 47.79, 237.58, 168.04, '2025-11-04 12:22:00'),
(9, 10.26, 84.08, 83.99, 130, 85.46, 25.64, 187.50, 133.00, '2025-11-04 12:23:00'),
(9, 60.02, 73.74, 36.4, 151, 92.22, 61.79, 277.62, 262.29, '2025-11-04 12:24:00'),
(9, 19.87, 90.65, 88.72, 118, 63.22, 41.12, 14.95, 219.88, '2025-11-04 12:25:00'),
(9, 25.03, 66.54, 71.42, 345, 92.74, 54.69, 172.90, 89.91, '2025-11-04 12:26:00'),
(9, 68.08, 54.19, 52.53, 169, 88.96, 50.06, 126.91, 225.04, '2025-11-04 12:27:00'),
(9, 68.58, 30.59, 71.64, 204, 85.49, 57.04, 261.27, 237.28, '2025-11-04 12:28:00'),
(9, 29.81, 34.78, 92.55, 274, 86.14, 38.69, 114.61, 222.11, '2025-11-04 12:29:00'),
(9, 73.91, 24.8, 74.49, 246, 48.17, 28.17, 252.17, 201.24, '2025-11-04 12:30:00'),
(9, 39.32, 34.98, 83.56, 305, 73.84, 30.27, 140.10, 15.68, '2025-11-04 12:31:00'),
(9, 13.76, 23.45, 61.48, 284, 87.07, 53.98, 127.34, 228.69, '2025-11-04 12:32:00'),
(9, 88.64, 32.96, 72.33, 137, 55.69, 51.1, 16.48, 187.05, '2025-11-04 12:33:00'),
(9, 63.4, 50.89, 30.33, 315, 92.32, 30.72, 141.22, 178.50, '2025-11-04 12:34:00'),
(9, 14.41, 39.19, 38.69, 178, 84.22, 64.16, 151.27, 196.88, '2025-11-04 12:35:00'),
(9, 26.1, 75.43, 92.91, 120, 92.07, 61.84, 240.50, 203.11, '2025-11-04 12:36:00'),
(9, 55.27, 57.9, 35.73, 277, 41.7, 41.38, 20.08, 105.16, '2025-11-04 12:37:00'),
(9, 55.97, 55.56, 43.57, 250, 87.01, 37.24, 23.32, 181.86, '2025-11-04 12:38:00'),
(9, 11.5, 25.22, 94.8, 332, 87.91, 33.91, 272.71, 194.21, '2025-11-04 12:39:00'),
(9, 82.89, 72.61, 91.46, 295, 69.69, 35.08, 179.64, 286.08, '2025-11-04 12:40:00'),
(9, 36.24, 60.63, 30.28, 184, 76.38, 34.7, 186.43, 107.82, '2025-11-04 12:41:00'),
(9, 26.02, 48.12, 74.63, 214, 70.12, 53.91, 273.43, 226.75, '2025-11-04 12:42:00'),
(9, 43.76, 35.3, 97.73, 258, 49.16, 39.25, 219.01, 153.22, '2025-11-04 12:43:00'),
(9, 39.25, 33.6, 83.06, 337, 65.35, 38.52, 22.84, 76.53, '2025-11-04 12:44:00'),
(9, 57.27, 25.09, 97.42, 276, 72.21, 37.67, 102.50, 154.20, '2025-11-04 12:45:00'),
(9, 40.21, 23.75, 73.28, 121, 86.18, 53.52, 168.08, 114.39, '2025-11-04 12:46:00'),
(9, 14.42, 23.19, 50.47, 115, 43.2, 48.83, 269.83, 281.42, '2025-11-04 12:47:00'),
(9, 27.18, 44.12, 37.72, 204, 48.92, 34.72, 274.07, 102.66, '2025-11-04 12:48:00'),
(9, 41.69, 28.24, 85.59, 217, 80.06, 53.9, 237.58, 168.04, '2025-11-04 12:49:00'),
(9, 74.21, 84.27, 85.29, 309, 85.51, 39.19, 187.50, 133.00, '2025-11-04 12:50:00'),
(9, 63.58, 25.77, 85.27, 333, 50.24, 56.85, 277.62, 262.29, '2025-11-04 12:51:00'),
(9, 24.52, 93.24, 85.7, 215, 56.35, 45.74, 14.95, 219.88, '2025-11-04 12:52:00'),
(9, 52.0, 31.93, 85.54, 150, 40.33, 32.99, 172.90, 89.91, '2025-11-04 12:53:00'),
(9, 37.77, 32.23, 85.84, 324, 48.31, 64.14, 126.91, 225.04, '2025-11-04 12:54:00'),
(9, 13.34, 78.29, 85.56, 172, 93.53, 40.99, 261.27, 237.28, '2025-11-04 12:55:00'),
(9, 72.48, 62.93, 86.68, 100, 51.04, 37.78, 114.61, 222.11, '2025-11-04 12:56:00'),
(9, 63.65, 22.24, 86.59, 145, 78.18, 30.02, 252.17, 201.24, '2025-11-04 12:57:00'),
(9, 26.89, 41.91, 86.52, 255, 80.38, 51.55, 140.10, 15.68, '2025-11-04 12:58:00'),
(9, 92.69, 66.34, 86.46, 350, 49.69, 36.47, 127.34, 228.69, '2025-11-04 12:59:00'),
(9, 72.53, 58.57, 86.5, 297, 41.29, 33.06, 16.48, 187.05, '2025-11-04 13:00:00'),
(9, 41.43, 63.13, 86.84, 115, 48.84, 39.36, 141.22, 178.50, '2025-11-04 13:01:00'),
(9, 72.25, 32.63, 86.18, 248, 63.74, 49.22, 151.27, 196.88, '2025-11-04 13:02:00'),
(9, 58.1, 41.12, 86.76, 187, 77.4, 60.56, 240.50, 203.11, '2025-11-04 13:03:00'),
(9, 63.82, 37.89, 86.33, 334, 41.99, 37.61, 20.08, 105.16, '2025-11-04 13:04:00'),
(9, 89.81, 74.99, 87.41, 148, 56.99, 41.43, 23.32, 181.86, '2025-11-04 13:05:00');


-- REGISTRO_SERVIDOR (100) servidor 10
INSERT INTO infomotion.registro_servidor
(fk_servidor, uso_cpu, uso_ram, uso_disco, qtd_processos, temp_cpu, temp_disco, upload, download, dt_registro)
VALUES
(10, 69.09, 64.67, 93.99, 281, 65.97, 51.01, 23.32, 181.86, '2025-11-04 11:39:00'),
(10, 43.25, 63.91, 75.02, 90, 82.24, 54.9, 272.71, 194.21, '2025-11-04 11:40:00'),
(10, 87.25, 83.81, 34.55, 289, 42.45, 46.58, 179.64, 286.08, '2025-11-04 11:41:00'),
(10, 92.0, 81.83, 66.86, 225, 74.25, 56.0, 186.43, 107.82, '2025-11-04 11:42:00'),
(10, 88.74, 34.08, 41.14, 114, 62.63, 43.91, 273.43, 226.75, '2025-11-04 11:43:00'),
(10, 41.35, 75.92, 44.97, 223, 85.17, 49.45, 219.01, 153.22, '2025-11-04 11:44:00'),
(10, 28.32, 92.62, 60.92, 250, 65.13, 41.8, 22.84, 76.53, '2025-11-04 11:45:00'),
(10, 38.5, 22.39, 52.3, 339, 50.55, 50.89, 102.50, 154.20, '2025-11-04 11:46:00'),
(10, 65.87, 80.06, 55.66, 159, 45.61, 49.82, 168.08, 114.39, '2025-11-04 11:47:00'),
(10, 89.07, 45.9, 32.98, 185, 90.37, 29.4, 269.83, 281.42, '2025-11-04 11:48:00'),
(10, 17.35, 67.81, 95.04, 109, 53.88, 41.26, 274.07, 102.66, '2025-11-04 11:49:00'),
(10, 74.15, 55.87, 55.63, 107, 67.21, 53.91, 237.58, 168.04, '2025-11-04 11:50:00'),
(10, 15.06, 29.25, 42.19, 339, 87.75, 28.7, 187.50, 133.00, '2025-11-04 11:51:00'),
(10, 24.76, 20.32, 72.5, 316, 42.64, 28.15, 277.62, 262.29, '2025-11-04 11:52:00'),
(10, 35.59, 75.64, 41.55, 340, 89.31, 51.13, 14.95, 219.88, '2025-11-04 11:53:00'),
(10, 33.8, 35.54, 43.85, 105, 88.91, 39.97, 172.90, 89.91, '2025-11-04 11:54:00'),
(10, 26.86, 35.85, 53.58, 293, 55.85, 56.76, 126.91, 225.04, '2025-11-04 11:55:00'),
(10, 21.74, 92.92, 51.09, 217, 80.51, 44.92, 261.27, 237.28, '2025-11-04 11:56:00'),
(10, 18.62, 38.9, 42.76, 251, 71.56, 64.34, 114.61, 222.11, '2025-11-04 11:57:00'),
(10, 56.09, 59.77, 35.36, 114, 44.56, 34.47, 252.17, 201.24, '2025-11-04 11:58:00'),
(10, 43.42, 92.2, 74.19, 240, 59.66, 34.88, 140.10, 15.68, '2025-11-04 11:59:00'),
(10, 52.22, 33.65, 76.67, 157, 85.78, 55.87, 127.34, 228.69, '2025-11-04 12:00:00'),
(10, 59.51, 49.12, 53.6, 105, 53.68, 52.06, 16.48, 187.05, '2025-11-04 12:01:00'),
(10, 10.68, 74.56, 89.92, 296, 79.56, 38.05, 141.22, 178.50, '2025-11-04 12:02:00'),
(10, 13.02, 41.79, 92.17, 80, 44.56, 56.5, 151.27, 196.88, '2025-11-04 12:03:00'),
(10, 17.33, 30.02, 51.21, 153, 90.29, 57.82, 240.50, 203.11, '2025-11-04 12:04:00'),
(10, 37.64, 57.46, 77.56, 144, 44.05, 60.86, 20.08, 105.16, '2025-11-04 12:05:00'),
(10, 61.02, 81.77, 81.59, 314, 42.17, 47.13, 23.32, 181.86, '2025-11-04 12:06:00'),
(10, 25.12, 66.59, 35.06, 312, 81.3, 34.71, 272.71, 194.21, '2025-11-04 12:07:00'),
(10, 19.51, 81.06, 91.43, 145, 42.86, 46.94, 179.64, 286.08, '2025-11-04 12:08:00'),
(10, 14.96, 51.91, 56.7, 107, 82.55, 26.34, 186.43, 107.82, '2025-11-04 12:09:00'),
(10, 30.52, 66.76, 97.37, 233, 78.41, 62.82, 273.43, 226.75, '2025-11-04 12:10:00'),
(10, 38.86, 93.46, 84.5, 88, 48.67, 28.53, 219.01, 153.22, '2025-11-04 12:11:00'),
(10, 82.42, 89.06, 70.31, 301, 74.87, 36.6, 22.84, 76.53, '2025-11-04 12:12:00'),
(10, 39.05, 76.03, 52.17, 107, 94.17, 40.97, 102.50, 154.20, '2025-11-04 12:13:00'),
(10, 61.34, 38.12, 90.25, 220, 92.05, 41.31, 168.08, 114.39, '2025-11-04 12:14:00'),
(10, 78.97, 81.82, 49.26, 86, 66.32, 63.61, 269.83, 281.42, '2025-11-04 12:15:00'),
(10, 38.89, 82.54, 95.03, 90, 49.55, 60.72, 274.07, 102.66, '2025-11-04 12:16:00'),
(10, 76.18, 82.88, 67.12, 298, 44.5, 52.6, 237.58, 168.04, '2025-11-04 12:17:00'),
(10, 75.79, 81.9, 61.68, 136, 47.18, 48.65, 187.50, 133.00, '2025-11-04 12:18:00'),
(10, 12.96, 27.95, 37.43, 311, 93.28, 56.3, 277.62, 262.29, '2025-11-04 12:19:00'),
(10, 18.08, 59.62, 92.41, 184, 83.8, 44.67, 14.95, 219.88, '2025-11-04 12:20:00'),
(10, 71.8, 21.32, 48.1, 134, 57.99, 58.72, 172.90, 89.91, '2025-11-04 12:21:00'),
(10, 60.35, 26.7, 97.73, 330, 59.64, 46.73, 126.91, 225.04, '2025-11-04 12:22:00'),
(10, 34.76, 22.66, 50.54, 120, 54.51, 61.17, 261.27, 237.28, '2025-11-04 12:23:00'),
(10, 12.75, 57.04, 97.09, 184, 73.14, 62.91, 114.61, 222.11, '2025-11-04 12:24:00'),
(10, 25.03, 88.89, 39.86, 201, 94.72, 34.25, 252.17, 201.24, '2025-11-04 12:25:00'),
(10, 68.67, 78.16, 33.89, 188, 83.8, 36.39, 140.10, 15.68, '2025-11-04 12:26:00'),
(10, 38.64, 75.65, 77.8, 299, 62.11, 46.7, 127.34, 228.69, '2025-11-04 12:27:00'),
(10, 80.84, 68.36, 90.09, 267, 94.64, 41.79, 16.48, 187.05, '2025-11-04 12:28:00'),
(10, 30.86, 50.91, 74.25, 330, 68.77, 37.77, 141.22, 178.50, '2025-11-04 12:29:00'),
(10, 59.49, 34.54, 83.75, 252, 89.22, 55.81, 151.27, 196.88, '2025-11-04 12:30:00'),
(10, 62.71, 21.83, 45.33, 143, 49.0, 28.45, 240.50, 203.11, '2025-11-04 12:31:00'),
(10, 37.7, 82.55, 59.62, 140, 65.81, 42.29, 20.08, 105.16, '2025-11-04 12:32:00'),
(10, 87.49, 71.28, 75.88, 327, 47.5, 54.4, 23.32, 181.86, '2025-11-04 12:33:00'),
(10, 73.51, 81.45, 56.04, 84, 89.54, 36.65, 272.71, 194.21, '2025-11-04 12:34:00'),
(10, 38.48, 73.51, 30.19, 147, 85.05, 51.54, 179.64, 286.08, '2025-11-04 12:35:00'),
(10, 84.04, 43.6, 89.02, 291, 75.09, 31.31, 186.43, 107.82, '2025-11-04 12:36:00'),
(10, 28.33, 64.98, 35.07, 133, 46.61, 42.54, 273.43, 226.75, '2025-11-04 12:37:00'),
(10, 67.12, 47.81, 91.25, 349, 61.65, 46.02, 219.01, 153.22, '2025-11-04 12:38:00'),
(10, 68.17, 29.24, 85.89, 331, 40.78, 32.47, 22.84, 76.53, '2025-11-04 12:39:00'),
(10, 64.53, 29.06, 97.08, 100, 86.76, 55.26, 102.50, 154.20, '2025-11-04 12:40:00'),
(10, 73.3, 66.24, 40.13, 266, 70.57, 45.05, 168.08, 114.39, '2025-11-04 12:41:00'),
(10, 14.42, 83.07, 47.69, 219, 87.93, 62.44, 269.83, 281.42, '2025-11-04 12:42:00'),
(10, 24.15, 61.23, 38.49, 270, 80.4, 58.15, 274.07, 102.66, '2025-11-04 12:43:00'),
(10, 68.98, 55.43, 36.91, 173, 56.52, 29.4, 237.58, 168.04, '2025-11-04 12:44:00'),
(10, 32.95, 64.52, 88.73, 183, 75.03, 55.99, 187.50, 133.00, '2025-11-04 12:45:00'),
(10, 69.71, 88.41, 68.78, 343, 54.48, 46.92, 277.62, 262.29, '2025-11-04 12:46:00'),
(10, 84.25, 81.26, 46.81, 120, 68.58, 28.8, 14.95, 219.88, '2025-11-04 12:47:00'),
(10, 26.96, 37.69, 97.48, 221, 75.24, 25.51, 172.90, 89.91, '2025-11-04 12:48:00'),
(10, 36.95, 44.99, 69.07, 145, 94.68, 45.33, 126.91, 225.04, '2025-11-04 12:49:00'),
(10, 54.63, 83.39, 69.17, 314, 75.97, 42.86, 261.27, 237.28, '2025-11-04 12:50:00'),
(10, 70.18, 29.03, 69.27, 229, 71.3, 39.13, 114.61, 222.11, '2025-11-04 12:51:00'),
(10, 11.69, 20.26, 69.37, 206, 80.04, 59.93, 252.17, 201.24, '2025-11-04 12:52:00'),
(10, 29.09, 93.9, 69.47, 248, 76.34, 51.01, 140.10, 15.68, '2025-11-04 12:53:00'),
(10, 74.75, 60.5, 69.50, 308, 56.15, 36.07, 127.34, 228.69, '2025-11-04 12:54:00'),
(10, 90.6, 87.57, 69.74, 118, 81.11, 36.3, 16.48, 187.05, '2025-11-04 12:55:00'),
(10, 51.52, 92.81, 70.07, 174, 59.59, 43.86, 141.22, 178.50, '2025-11-04 12:56:00'),
(10, 38.74, 75.16, 70.17, 286, 77.37, 45.68, 151.27, 196.88, '2025-11-04 12:57:00'),
(10, 69.85, 27.11, 70.27, 136, 84.55, 64.07, 240.50, 203.11, '2025-11-04 12:58:00'),
(10, 49.78, 27.41, 70.35, 213, 82.58, 31.22, 20.08, 105.16, '2025-11-04 12:59:00'),
(10, 52.05, 43.13, 70.43, 170, 87.02, 32.12, 23.32, 181.86, '2025-11-04 13:00:00'),
(10, 69.01, 79.2, 70.70, 163, 50.63, 38.53, 272.71, 194.21, '2025-11-04 13:01:00'),
(10, 47.45, 30.41, 70.69, 83, 67.13, 37.95, 179.64, 286.08, '2025-11-04 13:02:00'),
(10, 64.1, 48.61, 70.84, 257, 59.63, 41.24, 186.43, 107.82, '2025-11-04 13:03:00'),
(10, 18.06, 88.65, 70.90, 247, 51.54, 62.45, 273.43, 226.75, '2025-11-04 13:04:00'),
(10, 58.61, 46.38, 70.97, 141, 94.71, 37.53, 219.01, 153.22, '2025-11-04 13:05:00'),
(10, 56.74, 53.64, 71.00, 97, 73.72, 62.16, 22.84, 76.53, '2025-11-04 13:06:00'),
(10, 38.11, 34.32, 71.05, 252, 89.51, 46.6, 102.50, 154.20, '2025-11-04 13:07:00'),
(10, 32.63, 89.28, 71.15, 312, 42.21, 36.64, 168.08, 114.39, '2025-11-04 13:08:00'),
(10, 47.34, 26.09, 71.24, 266, 53.81, 31.47, 269.83, 281.42, '2025-11-04 13:09:00'),
(10, 13.85, 54.51, 71.32, 202, 90.02, 61.48, 274.07, 102.66, '2025-11-04 13:10:00'),
(10, 81.79, 26.09, 71.45, 329, 76.5, 30.35, 237.58, 168.04, '2025-11-04 13:11:00'),
(10, 84.87, 81.22, 71.47, 336, 77.95, 35.46, 187.50, 133.00, '2025-11-04 13:12:00'),
(10, 13.69, 73.85, 71.52, 324, 43.48, 29.46, 277.62, 262.29, '2025-11-04 13:13:00'),
(10, 78.08, 83.89, 71.74, 341, 84.9, 43.03, 14.95, 219.88, '2025-11-04 13:14:00'),
(10, 56.14, 31.54, 71.88, 323, 67.47, 34.86, 172.90, 89.91, '2025-11-04 13:15:00'),
(10, 56.8, 80.5, 72.07, 322, 52.25, 49.64, 126.91, 225.04, '2025-11-04 13:16:00'),
(10, 16.69, 54.2, 72.17, 149, 64.71, 43.74, 261.27, 237.28, '2025-11-04 13:17:00'),
(10, 26.43, 74.11, 72.32, 85, 77.45, 36.75, 114.61, 222.11, '2025-11-04 13:18:00');

-- ALERTAS COM DISTRIBUIÇÃO ALEATÓRIA E PERCENTUAIS VARIADOS
-- Servidor 5: 2001 (45%), 2002 (35%), 2003 (20%)
-- Servidor 6: 2004 (60%), 2005 (25%), 2006 (15%)
-- Servidor 7: 2007 (30%), 2008 (50%), 2009 (20%)
-- Servidor 8: 2010 (40%), 2011 (15%), 2012 (45%)
-- Servidor 9: 2013 (25%), 2014 (55%), 2015 (20%)
-- Servidor 10: 2016 (70%), 2017 (20%), 2018 (10%)

INSERT INTO infomotion.alertas (id, fk_parametro, dt_registro, duracao, max, min)
VALUES
-- SERVIDOR 5 - Misturado
(10001, 2001, '2025-09-17 20:45:00', '7min', 87.14, 58.41),
(10002, 2002, '2025-09-17 21:30:00', '10min', 82.15, 51.12),
(10003, 2001, '2025-09-18 14:15:00', '9min', 72.62, 58.45),
(10004, 2003, '2025-09-18 16:00:00', '6min', 75.26, 67.23),
(10005, 2002, '2025-09-18 18:45:00', '5min', 82.55, 52.31),
(10006, 2001, '2025-09-19 08:30:00', '5min', 86.76, 59.56),
(10007, 2001, '2025-09-19 15:20:00', '7min', 81.84, 55.62),
(10008, 2003, '2025-09-19 19:15:00', '9min', 78.02, 66.68),
(10009, 2002, '2025-09-20 05:45:00', '5min', 82.54, 68.98),
(10010, 2001, '2025-09-20 11:30:00', '7min', 80.4, 66.26),
(10011, 2003, '2025-09-20 17:30:00', '10min', 84.96, 57.52),
(10012, 2002, '2025-09-21 02:15:00', '9min', 75.1, 60.36),
(10013, 2001, '2025-09-21 09:00:00', '11min', 85.69, 53.82),
(10014, 2001, '2025-09-21 16:45:00', '6min', 76.4, 61.93),
(10015, 2002, '2025-09-22 04:30:00', '11min', 70.27, 53.17),
(10016, 2003, '2025-09-22 10:15:00', '9min', 92.5, 56.45),
(10017, 2001, '2025-09-22 18:00:00', '12min', 73.66, 54.45),
(10018, 2002, '2025-09-23 01:45:00', '8min', 73.94, 67.28),
(10019, 2001, '2025-09-23 12:30:00', '12min', 74.6, 55.29),
(10020, 2001, '2025-09-23 19:15:00', '9min', 71.87, 62.28),
(10021, 2003, '2025-09-24 03:00:00', '10min', 87.44, 49.89),
(10022, 2002, '2025-09-24 11:45:00', '5min', 90.75, 68.24),
(10023, 2001, '2025-09-24 17:30:00', '12min', 79.25, 64.2),
(10024, 2002, '2025-09-25 06:15:00', '9min', 77.19, 69.67),
(10025, 2001, '2025-09-25 14:00:00', '7min', 78.33, 66.81),
(10026, 2003, '2025-09-25 21:45:00', '6min', 93.18, 51.09),
(10027, 2001, '2025-09-26 08:30:00', '5min', 88.27, 50.97),
(10028, 2002, '2025-09-26 16:15:00', '8min', 87.31, 65.52),
(10029, 2001, '2025-09-27 02:00:00', '7min', 81.33, 65.11),
(10030, 2003, '2025-09-27 10:45:00', '9min', 86.78, 49.32),
(10031, 2002, '2025-09-27 18:30:00', '5min', 77.19, 69.67),
(10032, 2001, '2025-09-28 05:15:00', '9min', 84.46, 68.58),
(10033, 2001, '2025-09-28 13:00:00', '10min', 81.81, 64.58),
(10034, 2002, '2025-09-28 20:45:00', '8min', 75.06, 59.67),
(10035, 2001, '2025-09-29 07:30:00', '10min', 78.05, 66.53),
(10036, 2003, '2025-09-29 15:15:00', '10min', 75.45, 64.89),
(10037, 2002, '2025-09-30 01:00:00', '9min', 94.78, 55.61),
(10038, 2001, '2025-09-30 11:45:00', '11min', 87.94, 54.14),
(10039, 2001, '2025-09-30 19:30:00', '6min', 75.79, 69.7),
(10040, 2002, '2025-10-01 06:15:00', '12min', 91.07, 69.57),
(10041, 2003, '2025-10-01 14:00:00', '7min', 79.72, 65.29),
(10042, 2001, '2025-10-01 21:45:00', '6min', 92.04, 53.45),
(10043, 2001, '2025-10-02 08:30:00', '6min', 94.37, 68.81),
(10044, 2002, '2025-10-02 16:15:00', '5min', 70.1, 68.75),
(10045, 2003, '2025-10-03 02:00:00', '10min', 84.26, 66.46),
(10046, 2001, '2025-10-03 11:45:00', '11min', 87.14, 64.88),
(10047, 2002, '2025-10-03 19:30:00', '8min', 86.04, 54.08),
(10048, 2001, '2025-10-04 06:15:00', '6min', 79.3, 66.88),
(10049, 2001, '2025-10-04 14:00:00', '6min', 91.15, 53.59),
(10050, 2003, '2025-10-04 21:45:00', '5min', 76.58, 64.33),

-- SERVIDOR 6 - Misturado (2004 dominante 60%, 2005 25%, 2006 15%)
(10051, 2004, '2025-09-17 22:00:00', '5min', 81.71, 54.45),
(10052, 2005, '2025-09-18 05:15:00', '6min', 79.0, 52.62),
(10053, 2004, '2025-09-18 13:30:00', '11min', 87.94, 59.84),
(10054, 2004, '2025-09-18 20:45:00', '9min', 84.46, 68.58),
(10055, 2006, '2025-09-19 07:45:00', '5min', 77.45, 52.97),
(10056, 2004, '2025-09-19 15:00:00', '12min', 74.96, 60.69),
(10057, 2005, '2025-09-19 22:15:00', '11min', 71.64, 59.12),
(10058, 2004, '2025-09-20 08:30:00', '10min', 88.77, 54.46),
(10059, 2004, '2025-09-20 16:45:00', '6min', 89.59, 61.56),
(10060, 2006, '2025-09-21 03:00:00', '9min', 75.71, 63.91),
(10061, 2004, '2025-09-21 11:15:00', '8min', 94.51, 61.27),
(10062, 2005, '2025-09-21 19:30:00', '5min', 88.69, 51.55),
(10063, 2004, '2025-09-22 06:45:00', '11min', 89.89, 64.01),
(10064, 2004, '2025-09-22 14:00:00', '5min', 72.26, 54.02),
(10065, 2005, '2025-09-22 21:15:00', '8min', 70.33, 54.1),
(10066, 2004, '2025-09-23 07:30:00', '9min', 72.98, 67.92),
(10067, 2006, '2025-09-23 15:45:00', '5min', 80.68, 56.75),
(10068, 2004, '2025-09-24 02:00:00', '10min', 71.24, 56.92),
(10069, 2004, '2025-09-24 10:15:00', '10min', 92.37, 55.85),
(10070, 2005, '2025-09-24 18:30:00', '12min', 75.16, 49.21),
(10071, 2004, '2025-09-25 05:45:00', '10min', 83.18, 60.05),
(10072, 2006, '2025-09-25 13:00:00', '8min', 91.71, 61.96),
(10073, 2004, '2025-09-25 20:15:00', '11min', 78.13, 65.62),
(10074, 2004, '2025-09-26 06:30:00', '11min', 92.7, 53.86),
(10075, 2005, '2025-09-26 14:45:00', '11min', 92.46, 68.43),
(10076, 2004, '2025-09-26 22:00:00', '9min', 88.99, 54.48),
(10077, 2004, '2025-09-27 08:15:00', '8min', 86.77, 52.57),
(10078, 2006, '2025-09-27 16:30:00', '11min', 77.36, 63.39),
(10079, 2004, '2025-09-28 03:45:00', '9min', 89.79, 65.8),
(10080, 2005, '2025-09-28 12:00:00', '12min', 76.18, 69.97),
(10081, 2004, '2025-09-28 20:15:00', '8min', 83.3, 68.16),
(10082, 2004, '2025-09-29 07:30:00', '10min', 90.76, 50.39),
(10083, 2005, '2025-09-29 15:45:00', '8min', 81.0, 63.22),
(10084, 2004, '2025-09-30 02:00:00', '10min', 86.9, 60.03),
(10085, 2006, '2025-09-30 10:15:00', '9min', 78.4, 65.06),
(10086, 2004, '2025-09-30 18:30:00', '5min', 76.35, 58.37),
(10087, 2004, '2025-10-01 05:45:00', '6min', 73.31, 68.21),
(10088, 2005, '2025-10-01 13:00:00', '5min', 93.72, 56.93),
(10089, 2004, '2025-10-01 20:15:00', '11min', 94.77, 69.85),
(10090, 2004, '2025-10-02 06:30:00', '12min', 71.03, 56.68),
(10091, 2006, '2025-10-02 14:45:00', '7min', 86.86, 66.44),
(10092, 2004, '2025-10-02 22:00:00', '8min', 89.44, 52.45),
(10093, 2005, '2025-10-03 08:15:00', '9min', 83.31, 52.89),
(10094, 2004, '2025-10-03 16:30:00', '7min', 72.93, 65.41),
(10095, 2004, '2025-10-04 03:45:00', '11min', 80.5, 57.51),
(10096, 2006, '2025-10-04 12:00:00', '12min', 93.18, 57.95),
(10097, 2004, '2025-10-04 20:15:00', '5min', 81.54, 68.77),
(10098, 2004, '2025-10-05 07:30:00', '7min', 73.74, 54.51),
(10099, 2005, '2025-10-05 15:45:00', '11min', 91.83, 61.46),
(10100, 2004, '2025-10-06 02:00:00', '9min', 74.1, 64.96),

-- SERVIDOR 7 - Misturado (2008 dominante 50%, 2007 30%, 2009 20%)
(10101, 2008, '2025-09-17 16:45:00', '9min', 70.44, 68.56),
(10102, 2007, '2025-09-17 23:00:00', '12min', 87.77, 68.47),
(10103, 2008, '2025-09-18 08:15:00', '10min', 89.19, 63.82),
(10104, 2009, '2025-09-18 15:30:00', '9min', 90.83, 64.85),
(10105, 2008, '2025-09-18 22:45:00', '5min', 90.12, 67.1),
(10106, 2007, '2025-09-19 07:00:00', '6min', 86.96, 51.63),
(10107, 2008, '2025-09-19 14:15:00', '10min', 81.65, 67.7),
(10108, 2009, '2025-09-19 21:30:00', '12min', 70.54, 69.2),
(10109, 2008, '2025-09-20 06:45:00', '7min', 89.81, 59.18),
(10110, 2007, '2025-09-20 13:00:00', '5min', 74.75, 56.7),
(10111, 2008, '2025-09-20 20:15:00', '8min', 94.92, 57.75),
(10112, 2008, '2025-09-21 05:30:00', '6min', 76.17, 64.11),
(10113, 2009, '2025-09-21 12:45:00', '7min', 77.45, 69.81),
(10114, 2007, '2025-09-21 19:00:00', '7min', 84.47, 61.03),
(10115, 2008, '2025-09-22 04:15:00', '10min', 94.79, 56.33),
(10116, 2008, '2025-09-22 11:30:00', '8min', 76.11, 61.74),
(10117, 2009, '2025-09-22 18:45:00', '5min', 80.78, 66.07),
(10118, 2007, '2025-09-23 03:00:00', '7min', 93.77, 59.02),
(10119, 2008, '2025-09-23 10:15:00', '12min', 83.22, 65.16),
(10120, 2008, '2025-09-23 17:30:00', '9min', 73.29, 68.33),
(10121, 2009, '2025-09-24 02:45:00', '7min', 79.56, 68.92),
(10122, 2007, '2025-09-24 09:00:00', '8min', 92.88, 63.91),
(10123, 2008, '2025-09-24 16:15:00', '9min', 90.5, 64.12),
(10124, 2008, '2025-09-24 23:30:00', '10min', 76.98, 56.82),
(10125, 2009, '2025-09-25 08:45:00', '10min', 77.79, 50.85),
(10126, 2007, '2025-09-25 15:00:00', '12min', 76.21, 54.59),
(10127, 2008, '2025-09-25 22:15:00', '5min', 70.47, 56.31),
(10128, 2008, '2025-09-26 07:30:00', '8min', 79.29, 49.45),
(10129, 2009, '2025-09-26 14:45:00', '5min', 81.24, 56.46),
(10130, 2007, '2025-09-26 21:00:00', '8min', 79.81, 56.07),
(10131, 2008, '2025-09-27 06:15:00', '9min', 80.67, 55.65),
(10132, 2008, '2025-09-27 13:30:00', '11min', 70.32, 54.5),
(10133, 2009, '2025-09-27 20:45:00', '7min', 76.99, 64.7),
(10134, 2007, '2025-09-28 05:00:00', '8min', 74.86, 53.76),
(10135, 2008, '2025-09-28 12:15:00', '12min', 72.94, 54.65),
(10136, 2008, '2025-09-28 19:30:00', '10min', 80.25, 66.92),
(10137, 2009, '2025-09-29 04:45:00', '11min', 85.64, 58.2),
(10138, 2007, '2025-09-29 11:00:00', '7min', 88.75, 52.29),
(10139, 2008, '2025-09-29 18:15:00', '6min', 80.97, 58.28),
(10140, 2008, '2025-09-30 03:30:00', '8min', 73.46, 59.93),
(10141, 2009, '2025-09-30 10:45:00', '9min', 87.96, 61.96),
(10142, 2007, '2025-09-30 17:00:00', '12min', 71.33, 54.07),
(10143, 2008, '2025-10-01 02:15:00', '10min', 91.46, 65.51),
(10144, 2008, '2025-10-01 09:30:00', '8min', 77.02, 60.11),
(10145, 2009, '2025-10-01 16:45:00', '7min', 90.7, 65.61),
(10146, 2007, '2025-10-02 01:00:00', '12min', 84.2, 62.47),
(10147, 2008, '2025-10-02 08:15:00', '12min', 88.28, 64.6),
(10148, 2008, '2025-10-02 15:30:00', '8min', 91.9, 53.59),
(10149, 2009, '2025-10-02 22:45:00', '10min', 74.15, 50.42),
(10150, 2007, '2025-10-03 07:00:00', '8min', 81.5, 54.28),

-- SERVIDOR 8 - Misturado (2012 dominante 45%, 2010 40%, 2011 15%)
(10151, 2012, '2025-09-17 04:15:00', '10min', 84.76, 59.32),
(10152, 2010, '2025-09-17 11:30:00', '8min', 90.19, 56.38),
(10153, 2012, '2025-09-17 18:45:00', '9min', 76.13, 68.7),
(10154, 2010, '2025-09-18 03:00:00', '7min', 83.39, 58.16),
(10155, 2011, '2025-09-18 10:15:00', '12min', 78.47, 50.53),
(10156, 2012, '2025-09-18 17:30:00', '6min', 71.32, 54.51),
(10157, 2010, '2025-09-19 02:45:00', '5min', 76.27, 58.33),
(10158, 2012, '2025-09-19 09:00:00', '8min', 78.88, 67.22),
(10159, 2012, '2025-09-19 16:15:00', '9min', 87.47, 65.03),
(10160, 2010, '2025-09-19 23:30:00', '7min', 89.87, 50.45),
(10161, 2011, '2025-09-20 08:45:00', '7min', 71.07, 57.22),
(10162, 2012, '2025-09-20 15:00:00', '10min', 73.26, 68.25),
(10163, 2010, '2025-09-20 22:15:00', '10min', 78.96, 54.97),
(10164, 2012, '2025-09-21 07:30:00', '10min', 90.67, 59.13),
(10165, 2012, '2025-09-21 14:45:00', '7min', 91.53, 61.25),
(10166, 2010, '2025-09-21 21:00:00', '6min', 71.51, 56.97),
(10167, 2011, '2025-09-22 06:15:00', '5min', 80.92, 63.78),
(10168, 2012, '2025-09-22 13:30:00', '8min', 73.07, 68.35),
(10169, 2010, '2025-09-22 20:45:00', '7min', 92.82, 68.21),
(10170, 2012, '2025-09-23 05:00:00', '11min', 79.54, 55.88),
(10171, 2012, '2025-09-23 12:15:00', '12min', 70.73, 66.55),
(10172, 2010, '2025-09-23 19:30:00', '10min', 80.98, 51.86),
(10173, 2011, '2025-09-24 04:45:00', '8min', 78.43, 60.16),
(10174, 2012, '2025-09-24 11:00:00', '12min', 89.42, 58.32),
(10175, 2010, '2025-09-24 18:15:00', '12min', 79.7, 68.06),
(10176, 2012, '2025-09-25 03:30:00', '12min', 90.72, 63.61),
(10177, 2012, '2025-09-25 10:45:00', '8min', 94.68, 66.51),
(10178, 2010, '2025-09-25 17:00:00', '9min', 89.99, 53.42),
(10179, 2011, '2025-09-26 02:15:00', '9min', 85.81, 49.97),
(10180, 2012, '2025-09-26 09:30:00', '12min', 93.41, 58.58),
(10181, 2010, '2025-09-26 16:45:00', '11min', 84.71, 58.91),
(10182, 2012, '2025-09-27 02:00:00', '12min', 78.71, 54.28),
(10183, 2012, '2025-09-27 09:15:00', '8min', 76.86, 58.89),
(10184, 2010, '2025-09-27 16:30:00', '6min', 94.0, 49.59),
(10185, 2011, '2025-09-28 01:45:00', '8min', 88.98, 51.33),
(10186, 2012, '2025-09-28 08:00:00', '11min', 92.09, 49.15),
(10187, 2010, '2025-09-28 15:15:00', '7min', 73.24, 69.65),
(10188, 2012, '2025-09-28 22:30:00', '6min', 71.91, 55.91),
(10189, 2012, '2025-09-29 07:45:00', '5min', 82.56, 69.64),
(10190, 2010, '2025-09-29 14:00:00', '9min', 84.82, 61.59),
(10191, 2011, '2025-09-29 21:15:00', '5min', 86.1, 68.43),
(10192, 2012, '2025-09-30 06:30:00', '9min', 90.81, 61.47),
(10193, 2010, '2025-09-30 13:45:00', '11min', 72.68, 58.19),
(10194, 2012, '2025-09-30 20:00:00', '12min', 94.88, 68.64),
(10195, 2012, '2025-10-01 05:15:00', '6min', 92.35, 62.79),
(10196, 2010, '2025-10-01 12:30:00', '5min', 85.62, 49.54),
(10197, 2011, '2025-10-01 19:45:00', '6min', 81.0, 66.84),
(10198, 2012, '2025-10-02 05:00:00', '6min', 80.28, 59.39),
(10199, 2010, '2025-10-02 12:15:00', '5min', 72.78, 58.73),
(10200, 2012, '2025-10-02 19:30:00', '12min', 91.21, 69.86),

-- SERVIDOR 9 - Misturado (2014 dominante 55%, 2013 25%, 2015 20%)
(10201, 2014, '2025-09-17 21:45:00', '12min', 88.85, 51.99),
(10202, 2013, '2025-09-18 06:00:00', '12min', 85.46, 53.2),
(10203, 2014, '2025-09-18 13:15:00', '10min', 88.11, 64.33),
(10204, 2015, '2025-09-18 20:30:00', '6min', 91.33, 53.16),
(10205, 2014, '2025-09-19 05:45:00', '9min', 89.37, 61.82),
(10206, 2014, '2025-09-19 12:00:00', '8min', 84.15, 50.05),
(10207, 2013, '2025-09-19 19:15:00', '11min', 76.6, 54.5),
(10208, 2014, '2025-09-20 04:30:00', '7min', 72.22, 55.21),
(10209, 2015, '2025-09-20 11:45:00', '9min', 71.46, 50.17),
(10210, 2014, '2025-09-20 19:00:00', '11min', 79.61, 58.03),
(10211, 2013, '2025-09-21 04:15:00', '10min', 79.74, 49.68),
(10212, 2014, '2025-09-21 11:30:00', '6min', 83.36, 69.27),
(10213, 2014, '2025-09-21 18:45:00', '6min', 92.82, 56.82),
(10214, 2015, '2025-09-22 03:00:00', '9min', 75.74, 52.66),
(10215, 2014, '2025-09-22 10:15:00', '8min', 70.22, 55.5),
(10216, 2013, '2025-09-22 17:30:00', '5min', 87.43, 59.69),
(10217, 2014, '2025-09-23 02:45:00', '10min', 86.93, 56.57),
(10218, 2014, '2025-09-23 09:00:00', '5min', 80.91, 64.42),
(10219, 2015, '2025-09-23 16:15:00', '6min', 92.31, 63.03),
(10220, 2014, '2025-09-23 23:30:00', '12min', 76.79, 65.53),
(10221, 2014, '2025-09-24 08:45:00', '11min', 73.2, 57.22),
(10222, 2013, '2025-09-24 15:00:00', '12min', 73.15, 60.75),
(10223, 2014, '2025-09-24 22:15:00', '11min', 71.33, 66.9),
(10224, 2015, '2025-09-25 07:30:00', '12min', 79.77, 57.9),
(10225, 2014, '2025-09-25 14:45:00', '9min', 86.28, 64.8),
(10226, 2014, '2025-09-25 21:00:00', '11min', 71.79, 57.57),
(10227, 2013, '2025-09-26 06:15:00', '6min', 87.48, 64.52),
(10228, 2014, '2025-09-26 13:30:00', '8min', 70.19, 65.63),
(10229, 2014, '2025-09-26 20:45:00', '11min', 74.11, 66.75),
(10230, 2015, '2025-09-27 05:00:00', '11min', 73.38, 62.6),
(10231, 2014, '2025-09-27 12:15:00', '6min', 77.41, 69.43),
(10232, 2013, '2025-09-27 19:30:00', '7min', 86.96, 63.49),
(10233, 2014, '2025-09-28 04:45:00', '8min', 88.4, 68.88),
(10234, 2014, '2025-09-28 11:00:00', '5min', 70.53, 68.65),
(10235, 2015, '2025-09-28 18:15:00', '7min', 90.64, 69.78),
(10236, 2014, '2025-09-29 03:30:00', '5min', 82.4, 59.66),
(10237, 2014, '2025-09-29 10:45:00', '7min', 77.31, 68.89),
(10238, 2013, '2025-09-29 17:00:00', '12min', 91.8, 68.34),
(10239, 2014, '2025-09-30 02:15:00', '8min', 77.81, 67.79),
(10240, 2015, '2025-09-30 09:30:00', '12min', 94.13, 67.05),
(10241, 2014, '2025-09-30 16:45:00', '8min', 78.67, 52.83),
(10242, 2014, '2025-10-01 02:00:00', '12min', 82.36, 60.92),
(10243, 2013, '2025-10-01 09:15:00', '6min', 82.74, 58.16),
(10244, 2014, '2025-10-01 16:30:00', '10min', 89.01, 51.98),
(10245, 2015, '2025-10-01 23:45:00', '7min', 93.44, 69.82),
(10246, 2014, '2025-10-02 08:00:00', '7min', 83.42, 66.4),
(10247, 2014, '2025-10-02 15:15:00', '6min', 82.41, 51.88),
(10248, 2013, '2025-10-02 22:30:00', '9min', 91.21, 51.64),
(10249, 2014, '2025-10-03 07:45:00', '11min', 84.23, 57.25),
(10250, 2015, '2025-10-03 14:00:00', '9min', 81.82, 57.62),

-- SERVIDOR 10 - Misturado (2016 dominante 70%, 2017 20%, 2018 10%)
(10251, 2016, '2025-09-17 09:00:00', '8min', 89.1, 51.13),
(10252, 2017, '2025-09-17 16:15:00', '6min', 92.36, 61.59),
(10253, 2016, '2025-09-17 23:30:00', '7min', 72.89, 59.66),
(10254, 2016, '2025-09-18 08:45:00', '10min', 88.51, 51.66),
(10255, 2018, '2025-09-18 15:00:00', '10min', 79.99, 57.57),
(10256, 2016, '2025-09-18 22:15:00', '10min', 84.23, 59.65),
(10257, 2016, '2025-09-19 07:30:00', '10min', 89.63, 53.43),
(10258, 2017, '2025-09-19 14:45:00', '11min', 79.1, 58.03),
(10259, 2016, '2025-09-19 21:00:00', '10min', 73.23, 69.79),
(10260, 2016, '2025-09-20 06:15:00', '6min', 75.11, 55.58),
(10261, 2018, '2025-09-20 13:30:00', '10min', 86.5, 65.77),
(10262, 2016, '2025-09-20 20:45:00', '6min', 77.4, 51.49),
(10263, 2016, '2025-09-21 06:00:00', '10min', 74.93, 66.88),
(10264, 2017, '2025-09-21 13:15:00', '11min', 90.25, 62.39),
(10265, 2016, '2025-09-21 20:30:00', '9min', 93.6, 69.31),
(10266, 2016, '2025-09-22 05:45:00', '5min', 91.32, 49.69),
(10267, 2018, '2025-09-22 12:00:00', '5min', 94.15, 61.32),
(10268, 2016, '2025-09-22 19:15:00', '8min', 89.56, 63.24),
(10269, 2016, '2025-09-23 04:30:00', '9min', 93.93, 65.24),
(10270, 2017, '2025-09-23 11:45:00', '7min', 70.6, 49.41),
(10271, 2016, '2025-09-23 18:00:00', '8min', 70.1, 69.88),
(10272, 2016, '2025-09-24 03:15:00', '7min', 78.73, 55.79),
(10273, 2018, '2025-09-24 10:30:00', '6min', 85.33, 68.64),
(10274, 2016, '2025-09-24 17:45:00', '10min', 75.11, 61.17),
(10275, 2016, '2025-09-25 03:00:00', '7min', 76.21, 67.35),
(10276, 2017, '2025-09-25 10:15:00', '6min', 79.9, 50.6),
(10277, 2016, '2025-09-25 17:30:00', '11min', 82.88, 58.86),
(10278, 2016, '2025-09-26 02:45:00', '11min', 83.88, 58.98),
(10279, 2018, '2025-09-26 09:00:00', '7min', 70.64, 50.17),
(10280, 2016, '2025-09-26 16:15:00', '11min', 88.82, 60.61),
(10281, 2016, '2025-09-26 23:30:00', '9min', 78.36, 69.42),
(10282, 2017, '2025-09-27 08:45:00', '9min', 70.06, 62.19),
(10283, 2016, '2025-09-27 15:00:00', '11min', 83.77, 63.61),
(10284, 2016, '2025-09-27 22:15:00', '6min', 70.27, 68.12),
(10285, 2018, '2025-09-28 07:30:00', '12min', 90.63, 63.7),
(10286, 2016, '2025-09-28 14:45:00', '11min', 84.76, 66.74),
(10287, 2016, '2025-09-28 21:00:00', '12min', 80.3, 67.98),
(10288, 2017, '2025-09-29 06:15:00', '10min', 70.72, 54.21),
(10289, 2016, '2025-09-29 13:30:00', '5min', 72.61, 63.01),
(10290, 2016, '2025-09-29 20:45:00', '9min', 82.93, 60.78),
(10291, 2018, '2025-09-30 06:00:00', '7min', 88.44, 60.96),
(10292, 2016, '2025-09-30 13:15:00', '10min', 93.76, 61.19),
(10293, 2016, '2025-09-30 20:30:00', '8min', 84.88, 56.25),
(10294, 2017, '2025-10-01 05:45:00', '8min', 86.48, 61.7),
(10295, 2016, '2025-10-01 12:00:00', '6min', 70.37, 60.98),
(10296, 2016, '2025-10-01 19:15:00', '5min', 91.55, 66.1),
(10297, 2018, '2025-10-02 04:30:00', '7min', 76.3, 65.23),
(10298, 2016, '2025-10-02 11:45:00', '9min', 77.02, 69.29),
(10299, 2016, '2025-10-02 18:00:00', '8min', 89.27, 63.37),
(10300, 2017, '2025-10-03 03:15:00', '7min', 72.92, 55.32),

-- Continuação SERVIDOR 5
(10301, 2002, '2025-10-05 08:30:00', '5min', 85.55, 66.23),
(10302, 2001, '2025-10-05 15:45:00', '9min', 82.67, 60.45),
(10303, 2003, '2025-10-05 22:00:00', '7min', 86.78, 49.32),
(10304, 2001, '2025-10-06 07:15:00', '11min', 88.34, 66.12),
(10305, 2002, '2025-10-06 14:30:00', '8min', 75.72, 64.5),
(10306, 2001, '2025-10-06 21:45:00', '10min', 84.56, 62.78),
(10307, 2001, '2025-10-07 06:00:00', '6min', 92.34, 64.12),
(10308, 2003, '2025-10-07 13:15:00', '12min', 73.66, 54.45),
(10309, 2002, '2025-10-07 20:30:00', '7min', 70.8, 65.86),
(10310, 2001, '2025-10-08 05:45:00', '9min', 79.67, 57.89),

-- Continuação SERVIDOR 6
(10311, 2004, '2025-10-06 09:15:00', '9min', 73.47, 68.85),
(10312, 2005, '2025-10-06 16:30:00', '8min', 91.96, 52.3),
(10313, 2004, '2025-10-06 23:45:00', '8min', 93.53, 58.09),
(10314, 2006, '2025-10-07 08:00:00', '12min', 77.04, 62.2),
(10315, 2004, '2025-10-07 15:15:00', '5min', 92.98, 49.31),
(10316, 2005, '2025-10-07 22:30:00', '9min', 94.34, 68.49),
(10317, 2004, '2025-10-08 07:45:00', '7min', 73.38, 54.13),
(10318, 2004, '2025-10-08 14:00:00', '6min', 94.98, 50.91),
(10319, 2006, '2025-10-08 21:15:00', '7min', 73.51, 59.13),
(10320, 2004, '2025-10-09 06:30:00', '10min', 92.61, 62.55),

-- Continuação SERVIDOR 7
(10321, 2008, '2025-10-03 14:30:00', '11min', 81.52, 69.51),
(10322, 2009, '2025-10-03 21:45:00', '8min', 90.27, 67.91),
(10323, 2007, '2025-10-04 06:00:00', '9min', 73.85, 66.15),
(10324, 2008, '2025-10-04 13:15:00', '7min', 77.88, 68.28),
(10325, 2008, '2025-10-04 20:30:00', '5min', 85.49, 51.11),
(10326, 2009, '2025-10-05 05:45:00', '10min', 78.12, 69.23),
(10327, 2007, '2025-10-05 12:00:00', '10min', 91.53, 53.46),
(10328, 2008, '2025-10-05 19:15:00', '10min', 91.47, 63.92),
(10329, 2008, '2025-10-06 04:30:00', '7min', 78.84, 55.57),
(10330, 2009, '2025-10-06 11:45:00', '5min', 71.41, 55.68),

-- Continuação SERVIDOR 8
(10331, 2012, '2025-10-03 04:15:00', '12min', 73.47, 60.21),
(10332, 2010, '2025-10-03 11:30:00', '8min', 82.02, 67.09),
(10333, 2011, '2025-10-03 18:45:00', '5min', 87.9, 65.85),
(10334, 2012, '2025-10-04 04:00:00', '7min', 85.11, 65.01),
(10335, 2010, '2025-10-04 11:15:00', '12min', 82.28, 59.93),
(10336, 2012, '2025-10-04 18:30:00', '8min', 72.58, 62.22),
(10337, 2012, '2025-10-05 03:45:00', '8min', 91.17, 51.93),
(10338, 2010, '2025-10-05 10:00:00', '10min', 93.44, 59.89),
(10339, 2011, '2025-10-05 17:15:00', '9min', 86.61, 52.69),
(10340, 2012, '2025-10-06 02:30:00', '11min', 86.5, 55.95),

-- Continuação SERVIDOR 9
(10341, 2014, '2025-10-03 21:15:00', '10min', 79.29, 62.86),
(10342, 2013, '2025-10-04 06:30:00', '9min', 90.5, 67.41),
(10343, 2014, '2025-10-04 13:45:00', '10min', 81.37, 57.33),
(10344, 2015, '2025-10-04 20:00:00', '10min', 71.43, 69.19),
(10345, 2014, '2025-10-05 05:15:00', '12min', 80.02, 69.65),
(10346, 2014, '2025-10-05 12:30:00', '7min', 78.84, 63.24),
(10347, 2013, '2025-10-05 19:45:00', '6min', 78.09, 63.25),
(10348, 2014, '2025-10-06 05:00:00', '6min', 88.09, 60.21),
(10349, 2015, '2025-10-06 12:15:00', '5min', 79.64, 55.94),
(10350, 2014, '2025-10-06 19:30:00', '6min', 89.91, 68.46),

-- Continuação SERVIDOR 10
(10351, 2016, '2025-10-03 10:30:00', '6min', 82.87, 61.03),
(10352, 2016, '2025-10-03 17:45:00', '8min', 88.67, 69.66),
(10353, 2017, '2025-10-04 03:00:00', '11min', 71.35, 53.29),
(10354, 2016, '2025-10-04 10:15:00', '9min', 75.07, 50.72),
(10355, 2018, '2025-10-04 17:30:00', '9min', 76.23, 49.58),
(10356, 2016, '2025-10-05 02:45:00', '10min', 79.26, 65.04),
(10357, 2016, '2025-10-05 09:00:00', '7min', 74.24, 60.15),
(10358, 2017, '2025-10-05 16:15:00', '12min', 80.83, 60.41),
(10359, 2016, '2025-10-05 23:30:00', '12min', 87.71, 57.04),
(10360, 2018, '2025-10-06 08:45:00', '5min', 91.11, 65.5),

-- Mais registros SERVIDOR 5
(10361, 2001, '2025-10-09 12:00:00', '12min', 76.89, 54.67),
(10362, 2002, '2025-10-09 19:15:00', '5min', 91.67, 59.37),
(10363, 2003, '2025-10-10 04:30:00', '8min', 70.36, 54.12),
(10364, 2001, '2025-10-10 11:45:00', '10min', 88.91, 62.34),
(10365, 2001, '2025-10-10 18:00:00', '11min', 79.45, 57.12),
(10366, 2002, '2025-10-11 03:15:00', '5min', 94.65, 63.97),
(10367, 2001, '2025-10-11 10:30:00', '8min', 83.67, 64.89),
(10368, 2003, '2025-10-11 17:45:00', '10min', 74.14, 50.71),
(10369, 2001, '2025-10-12 03:00:00', '6min', 76.89, 55.67),
(10370, 2002, '2025-10-12 10:15:00', '7min', 76.29, 60.71),

-- Mais registros SERVIDOR 6
(10371, 2004, '2025-10-09 13:45:00', '9min', 76.44, 58.41),
(10372, 2005, '2025-10-09 20:00:00', '10min', 73.46, 63.94),
(10373, 2006, '2025-10-10 05:15:00', '9min', 87.58, 52.64),
(10374, 2004, '2025-10-10 12:30:00', '9min', 93.18, 66.35),
(10375, 2004, '2025-10-10 19:45:00', '6min', 88.6, 63.45),
(10376, 2005, '2025-10-11 05:00:00', '12min', 70.76, 61.35),
(10377, 2004, '2025-10-11 12:15:00', '11min', 76.67, 63.85),
(10378, 2006, '2025-10-11 19:30:00', '12min', 85.26, 56.61),
(10379, 2004, '2025-10-12 04:45:00', '7min', 85.35, 65.36),
(10380, 2004, '2025-10-12 11:00:00', '11min', 80.61, 69.12),

-- Mais registros SERVIDOR 7
(10381, 2008, '2025-10-07 02:15:00', '11min', 82.93, 68.11),
(10382, 2007, '2025-10-07 09:30:00', '7min', 88.35, 50.94),
(10383, 2009, '2025-10-07 16:45:00', '10min', 71.36, 53.4),
(10384, 2008, '2025-10-08 02:00:00', '12min', 74.51, 52.76),
(10385, 2008, '2025-10-08 09:15:00', '7min', 71.01, 59.64),
(10386, 2009, '2025-10-08 16:30:00', '8min', 75.49, 58.51),
(10387, 2007, '2025-10-08 23:45:00', '8min', 72.18, 49.88),
(10388, 2008, '2025-10-09 08:00:00', '5min', 89.91, 68.86),
(10389, 2008, '2025-10-09 15:15:00', '7min', 76.09, 55.63),
(10390, 2009, '2025-10-09 22:30:00', '10min', 76.01, 54.38),

-- Mais registros SERVIDOR 8
(10391, 2010, '2025-10-06 09:15:00', '5min', 91.91, 56.48),
(10392, 2011, '2025-10-06 16:30:00', '8min', 84.01, 61.29),
(10393, 2012, '2025-10-06 23:45:00', '9min', 70.02, 68.06),
(10394, 2010, '2025-10-07 08:00:00', '10min', 81.64, 57.47),
(10395, 2012, '2025-10-07 15:15:00', '11min', 83.61, 66.8),
(10396, 2012, '2025-10-07 22:30:00', '6min', 87.36, 59.56),
(10397, 2010, '2025-10-08 07:45:00', '10min', 84.89, 60.22),
(10398, 2011, '2025-10-08 14:00:00', '9min', 93.3, 69.27),
(10399, 2012, '2025-10-08 21:15:00', '10min', 92.86, 59.65),
(10400, 2010, '2025-10-09 06:30:00', '6min', 79.81, 55.16),

-- Mais registros SERVIDOR 9
(10401, 2014, '2025-10-07 04:15:00', '11min', 77.1, 56.66),
(10402, 2013, '2025-10-07 11:30:00', '7min', 83.13, 65.63),
(10403, 2015, '2025-10-07 18:45:00', '8min', 75.29, 69.51),
(10404, 2014, '2025-10-08 04:00:00', '6min', 82.32, 58.67),
(10405, 2014, '2025-10-08 11:15:00', '10min', 94.67, 55.97),
(10406, 2013, '2025-10-08 18:30:00', '11min', 92.59, 60.3),
(10407, 2014, '2025-10-09 03:45:00', '5min', 94.26, 56.27),
(10408, 2015, '2025-10-09 10:00:00', '6min', 78.97, 56.76),
(10409, 2014, '2025-10-09 17:15:00', '8min', 83.54, 67.97),
(10410, 2014, '2025-10-10 02:30:00', '10min', 76.94, 60.86),

-- Mais registros SERVIDOR 10
(10411, 2016, '2025-10-06 16:00:00', '6min', 92.64, 66.22),
(10412, 2017, '2025-10-06 23:15:00', '10min', 76.22, 54.65),
(10413, 2016, '2025-10-07 08:30:00', '11min', 84.43, 58.73),
(10414, 2018, '2025-10-07 15:45:00', '8min', 90.49, 66.8),
(10415, 2016, '2025-10-07 22:00:00', '10min', 71.43, 53.69),
(10416, 2016, '2025-10-08 07:15:00', '8min', 83.52, 50.66),
(10417, 2017, '2025-10-08 14:30:00', '8min', 83.15, 68.87),
(10418, 2016, '2025-10-08 21:45:00', '11min', 70.93, 62.11),
(10419, 2016, '2025-10-09 07:00:00', '9min', 90.34, 62.61),
(10420, 2018, '2025-10-09 14:15:00', '5min', 93.38, 57.95),

-- Finalizando com mais registros misturados
(10421, 2001, '2025-10-13 07:30:00', '9min', 91.45, 68.23),
(10422, 2002, '2025-10-13 14:45:00', '7min', 82.67, 60.45),
(10423, 2004, '2025-10-13 06:15:00', '9min', 90.25, 52.16),
(10424, 2006, '2025-10-13 13:30:00', '5min', 86.67, 58.97),
(10425, 2007, '2025-10-13 05:00:00', '10min', 83.09, 62.0),
(10426, 2008, '2025-10-13 12:15:00', '6min', 80.67, 55.65),
(10427, 2010, '2025-10-13 09:45:00', '11min', 82.25, 53.59),
(10428, 2012, '2025-10-13 16:00:00', '6min', 85.76, 59.09),
(10429, 2013, '2025-10-13 08:30:00', '6min', 91.42, 68.8),
(10430, 2014, '2025-10-13 15:45:00', '10min', 92.44, 66.47),
(10431, 2016, '2025-10-13 11:00:00', '11min', 84.4, 55.81),
(10432, 2017, '2025-10-13 18:15:00', '7min', 92.7, 58.47),
(10433, 2001, '2025-10-14 02:45:00', '12min', 85.45, 61.78),
(10434, 2003, '2025-10-14 10:00:00', '6min', 75.34, 57.89),
(10435, 2002, '2025-10-14 17:15:00', '8min', 92.67, 65.43),
(10436, 2004, '2025-10-14 03:30:00', '10min', 83.26, 58.15),
(10437, 2005, '2025-10-14 10:45:00', '12min', 91.21, 64.94),
(10438, 2007, '2025-10-14 06:00:00', '10min', 89.03, 60.52),
(10439, 2008, '2025-10-14 13:15:00', '12min', 80.97, 58.28),
(10440, 2009, '2025-10-14 20:30:00', '10min', 91.46, 65.51),
(10441, 2010, '2025-10-14 07:45:00', '6min', 93.94, 52.37),
(10442, 2011, '2025-10-14 14:00:00', '10min', 80.86, 58.44),
(10443, 2012, '2025-10-14 21:15:00', '11min', 78.49, 58.23),
(10444, 2013, '2025-10-14 08:00:00', '5min', 74.74, 54.17),
(10445, 2014, '2025-10-14 15:15:00', '7min', 93.87, 53.0),
(10446, 2015, '2025-10-14 22:30:00', '6min', 71.22, 58.4),
(10447, 2016, '2025-10-14 09:30:00', '5min', 80.66, 67.26),
(10448, 2018, '2025-10-14 16:45:00', '8min', 82.47, 67.14),
(10449, 2001, '2025-10-15 05:00:00', '11min', 84.14, 67.31),
(10450, 2002, '2025-10-15 12:15:00', '10min', 76.46, 56.37),
(10451, 2001, '2025-10-15 19:30:00', '10min', 76.82, 64.73),
(10452, 2003, '2025-10-16 04:45:00', '6min', 90.26, 67.7),
(10453, 2004, '2025-10-15 07:00:00', '8min', 89.29, 54.82),
(10454, 2005, '2025-10-15 14:15:00', '9min', 89.1, 55.83),
(10455, 2006, '2025-10-15 21:30:00', '5min', 83.67, 56.12),
(10456, 2007, '2025-10-16 06:45:00', '6min', 91.07, 52.24),
(10457, 2008, '2025-10-16 13:00:00', '10min', 89.24, 66.69),
(10458, 2009, '2025-10-16 20:15:00', '9min', 93.74, 55.11),
(10459, 2010, '2025-10-16 08:30:00', '5min', 82.65, 49.35),
(10460, 2011, '2025-10-16 15:45:00', '9min', 82.5, 52.34),
(10461, 2012, '2025-10-16 22:00:00', '9min', 82.08, 68.37),
(10462, 2013, '2025-10-16 09:15:00', '8min', 89.76, 61.22),
(10463, 2014, '2025-10-16 16:30:00', '5min', 78.49, 65.7),
(10464, 2015, '2025-10-16 23:45:00', '12min', 78.76, 65.88),
(10465, 2016, '2025-10-16 10:00:00', '8min', 83.43, 61.56),
(10466, 2017, '2025-10-16 17:15:00', '5min', 89.24, 50.45),
(10467, 2018, '2025-10-17 02:30:00', '8min', 79.68, 55.89),
(10468, 2001, '2025-10-17 09:45:00', '6min', 71.29, 58.58),
(10469, 2002, '2025-10-17 16:00:00', '8min', 88.52, 59.33),
(10470, 2001, '2025-10-17 23:15:00', '5min', 85.42, 53.91),
(10471, 2003, '2025-10-18 08:30:00', '8min', 86.69, 54.66),
(10472, 2004, '2025-10-17 11:45:00', '10min', 86.36, 67.69),
(10473, 2005, '2025-10-17 18:00:00', '8min', 83.06, 56.43),
(10474, 2006, '2025-10-18 03:15:00', '10min', 91.73, 62.18),
(10475, 2007, '2025-10-18 10:30:00', '9min', 72.61, 64.83),
(10476, 2008, '2025-10-18 17:45:00', '6min', 84.27, 61.18),
(10477, 2009, '2025-10-19 03:00:00', '12min', 82.05, 61.88),
(10478, 2010, '2025-10-18 12:15:00', '10min', 70.38, 60.37),
(10479, 2011, '2025-10-18 19:30:00', '11min', 77.89, 50.59),
(10480, 2012, '2025-10-19 04:45:00', '10min', 72.18, 61.4),
(10481, 2013, '2025-10-18 13:00:00', '11min', 72.08, 57.47),
(10482, 2014, '2025-10-18 20:15:00', '7min', 76.04, 64.8),
(10483, 2015, '2025-10-19 05:30:00', '8min', 89.1, 51.13),
(10484, 2016, '2025-10-18 14:45:00', '6min', 92.36, 61.59),
(10485, 2017, '2025-10-18 21:00:00', '7min', 72.89, 59.66),
(10486, 2018, '2025-10-19 06:15:00', '10min', 88.51, 51.66),
(10487, 2001, '2025-10-19 13:30:00', '10min', 79.99, 57.57),
(10488, 2002, '2025-10-19 20:45:00', '10min', 84.23, 59.65),
(10489, 2001, '2025-10-20 06:00:00', '10min', 89.63, 53.43),
(10490, 2003, '2025-10-20 13:15:00', '11min', 79.1, 58.03),
(10491, 2004, '2025-10-19 16:00:00', '10min', 73.23, 69.79),
(10492, 2005, '2025-10-19 23:15:00', '6min', 75.11, 55.58),
(10493, 2006, '2025-10-20 08:30:00', '10min', 86.5, 65.77),
(10494, 2007, '2025-10-20 15:45:00', '6min', 77.4, 51.49),
(10495, 2008, '2025-10-20 22:00:00', '10min', 74.93, 66.88),
(10496, 2009, '2025-10-21 07:15:00', '11min', 90.25, 62.39),
(10497, 2010, '2025-10-20 16:30:00', '9min', 93.6, 69.31),
(10498, 2011, '2025-10-20 23:45:00', '5min', 91.32, 49.69),
(10499, 2012, '2025-10-21 08:00:00', '5min', 94.15, 61.32),
(10500, 2013, '2025-10-20 17:15:00', '8min', 89.56, 63.24),
(10501, 2014, '2025-10-21 02:30:00', '9min', 93.93, 65.24),
(10502, 2015, '2025-10-21 09:45:00', '7min', 70.6, 49.41),
(10503, 2016, '2025-10-21 16:00:00', '8min', 70.1, 69.88),
(10504, 2017, '2025-10-21 23:15:00', '7min', 78.73, 55.79),
(10505, 2018, '2025-10-22 08:30:00', '6min', 85.33, 68.64),
(10506, 2001, '2025-10-22 15:45:00', '10min', 75.11, 61.17),
(10507, 2002, '2025-10-22 22:00:00', '7min', 76.21, 67.35),
(10508, 2001, '2025-10-23 07:15:00', '6min', 79.9, 50.6),
(10509, 2003, '2025-10-23 14:30:00', '11min', 82.88, 58.86),
(10510, 2004, '2025-10-22 16:30:00', '11min', 83.88, 58.98),
(10511, 2005, '2025-10-22 23:45:00', '7min', 70.64, 50.17),
(10512, 2006, '2025-10-23 09:00:00', '11min', 88.82, 60.61),
(10513, 2007, '2025-10-23 16:15:00', '9min', 78.36, 69.42),
(10514, 2008, '2025-10-23 23:30:00', '9min', 70.06, 62.19),
(10515, 2009, '2025-10-24 08:45:00', '11min', 83.77, 63.61),
(10516, 2010, '2025-10-23 17:00:00', '6min', 70.27, 68.12),
(10517, 2011, '2025-10-24 02:15:00', '12min', 90.63, 63.7),
(10518, 2012, '2025-10-24 09:30:00', '11min', 84.76, 66.74),
(10519, 2013, '2025-10-23 18:45:00', '12min', 80.3, 67.98),
(10520, 2014, '2025-10-24 04:00:00', '10min', 70.72, 54.21),
(10521, 2015, '2025-10-24 11:15:00', '5min', 72.61, 63.01),
(10522, 2016, '2025-10-24 18:30:00', '9min', 82.93, 60.78),
(10523, 2017, '2025-10-25 03:45:00', '7min', 88.44, 60.96),
(10524, 2018, '2025-10-25 10:00:00', '10min', 93.76, 61.19),
(10525, 2001, '2025-10-25 17:15:00', '8min', 84.88, 56.25),
(10526, 2002, '2025-10-26 02:30:00', '8min', 86.48, 61.7),
(10527, 2001, '2025-10-26 09:45:00', '6min', 70.37, 60.98),
(10528, 2003, '2025-10-26 16:00:00', '5min', 91.55, 66.1),
(10529, 2004, '2025-10-25 11:30:00', '7min', 76.3, 65.23),
(10530, 2005, '2025-10-25 18:45:00', '9min', 77.02, 69.29),
(10531, 2006, '2025-10-26 04:00:00', '8min', 89.27, 63.37),
(10532, 2007, '2025-10-26 11:15:00', '7min', 72.92, 55.32),
(10533, 2008, '2025-10-26 18:30:00', '6min', 82.87, 61.03),
(10534, 2009, '2025-10-27 03:45:00', '8min', 88.67, 69.66),
(10535, 2010, '2025-10-26 12:00:00', '11min', 71.35, 53.29),
(10536, 2011, '2025-10-26 19:15:00', '9min', 75.07, 50.72),
(10537, 2012, '2025-10-27 04:30:00', '9min', 76.23, 49.58),
(10538, 2013, '2025-10-26 13:45:00', '10min', 79.26, 65.04),
(10539, 2014, '2025-10-26 20:00:00', '7min', 74.24, 60.15),
(10540, 2015, '2025-10-27 05:15:00', '12min', 80.83, 60.41),
(10541, 2016, '2025-10-26 14:30:00', '12min', 87.71, 57.04),
(10542, 2017, '2025-10-26 21:45:00', '5min', 91.11, 65.5),
(10543, 2018, '2025-10-27 07:00:00', '6min', 92.64, 66.22),
(10544, 2001, '2025-10-27 14:15:00', '10min', 76.22, 54.65),
(10545, 2002, '2025-10-27 21:30:00', '11min', 84.43, 58.73),
(10546, 2004, '2025-10-27 12:00:00', '8min', 90.49, 66.8),
(10547, 2006, '2025-10-27 19:15:00', '10min', 71.43, 53.69),
(10548, 2007, '2025-10-27 13:45:00', '8min', 83.52, 50.66),
(10549, 2008, '2025-10-27 20:00:00', '8min', 83.15, 68.87),
(10550, 2009, '2025-10-28 04:15:00', '11min', 70.93, 62.11),
(10551, 2010, '2025-10-27 15:30:00', '9min', 90.34, 62.61),
(10552, 2012, '2025-10-27 22:45:00', '5min', 93.38, 57.95),
(10553, 2014, '2025-10-27 16:00:00', '6min', 88.44, 58.88),
(10554, 2016, '2025-10-27 23:15:00', '9min', 82.75, 57.61),
(10555, 2001, '2025-10-28 08:30:00', '7min', 75.05, 63.29),
(10556, 2003, '2025-10-28 15:45:00', '12min', 94.16, 58.08),
(10557, 2004, '2025-10-28 05:00:00', '7min', 85.59, 63.05),
(10558, 2005, '2025-10-28 12:15:00', '6min', 72.63, 60.86),
(10559, 2007, '2025-10-28 06:30:00', '9min', 78.77, 51.76),
(10560, 2008, '2025-10-28 13:45:00', '6min', 86.43, 50.05),
(10561, 2010, '2025-10-28 08:00:00', '10min', 84.15, 53.02),
(10562, 2011, '2025-10-28 15:15:00', '5min', 85.41, 67.8),
(10563, 2013, '2025-10-28 09:30:00', '9min', 83.57, 65.48),
(10564, 2014, '2025-10-28 16:30:00', '11min', 76.02, 64.38),
(10565, 2016, '2025-10-28 10:45:00', '10min', 78.41, 66.46),
(10566, 2017, '2025-10-28 17:00:00', '5min', 74.16, 50.83),
(10567, 2001, '2025-10-29 02:15:00', '8min', 80.37, 69.51),
(10568, 2002, '2025-10-29 09:30:00', '10min', 79.71, 62.96),
(10569, 2004, '2025-10-29 03:45:00', '12min', 76.27, 55.41),
(10570, 2006, '2025-10-29 10:00:00', '6min', 87.03, 67.25),
(10571, 2007, '2025-10-29 04:15:00', '9min', 88.65, 61.6),
(10572, 2008, '2025-10-29 11:30:00', '9min', 79.33, 58.09),
(10573, 2010, '2025-10-29 05:45:00', '11min', 74.28, 56.89),
(10574, 2012, '2025-10-29 12:00:00', '9min', 87.52, 51.99),
(10575, 2014, '2025-10-29 06:15:00', '11min', 90.37, 60.02),
(10576, 2015, '2025-10-29 13:30:00', '11min', 91.93, 56.9),
(10577, 2016, '2025-10-29 07:00:00', '5min', 75.93, 57.95),
(10578, 2018, '2025-10-29 14:15:00', '6min', 74.01, 58.84),
(10579, 2001, '2025-10-29 20:45:00', '11min', 72.91, 52.62),
(10580, 2003, '2025-10-30 05:00:00', '7min', 77.97, 53.95),
(10581, 2004, '2025-10-29 21:30:00', '6min', 83.88, 55.52),
(10582, 2005, '2025-10-30 06:15:00', '6min', 71.98, 63.53),
(10583, 2007, '2025-10-29 22:00:00', '9min', 85.97, 55.22),
(10584, 2008, '2025-10-30 07:30:00', '12min', 83.45, 51.46),
(10585, 2009, '2025-10-30 14:45:00', '9min', 91.43, 58.77),
(10586, 2010, '2025-10-29 23:15:00', '5min', 79.07, 66.0),
(10587, 2012, '2025-10-30 08:00:00', '9min', 75.3, 67.51),
(10588, 2013, '2025-10-30 01:30:00', '11min', 81.35, 51.9),
(10589, 2014, '2025-10-30 09:45:00', '10min', 80.09, 52.69),
(10590, 2016, '2025-10-30 03:00:00', '8min', 73.09, 60.69),
(10591, 2017, '2025-10-30 10:15:00', '10min', 70.06, 66.8),
(10592, 2001, '2025-10-30 17:30:00', '8min', 90.14, 57.11),
(10593, 2002, '2025-10-31 02:45:00', '8min', 71.42, 58.39),
(10594, 2004, '2025-10-30 18:00:00', '8min', 90.89, 51.28),
(10595, 2006, '2025-10-31 03:15:00', '7min', 91.27, 52.96),
(10596, 2008, '2025-10-30 19:30:00', '8min', 83.88, 56.28),
(10597, 2009, '2025-10-31 04:00:00', '7min', 92.61, 54.1),
(10598, 2012, '2025-10-30 20:15:00', '10min', 84.76, 59.32),
(10599, 2013, '2025-10-30 21:00:00', '8min', 90.19, 56.38),
(10600, 2016, '2025-10-30 22:45:00', '9min', 76.13, 68.7),
(10601, 2005, '2025-10-21 15:20:00', '7min', 75.11, 58.05),
(10602, 2011, '2025-10-23 09:10:00', '11min', 83.45, 61.22),
(10603, 2003, '2025-10-25 04:40:00', '6min', 90.76, 53.94),
(10604, 2014, '2025-10-28 17:50:00', '10min', 71.32, 69.15),
(10605, 2002, '2025-10-22 23:15:00', '8min', 86.68, 60.01),
(10606, 2016, '2025-10-29 08:35:00', '5min', 92.05, 51.77),
(10607, 2007, '2025-10-24 11:55:00', '12min', 78.91, 64.55),
(10608, 2009, '2025-10-30 01:25:00', '9min', 85.23, 56.40),
(10609, 2001, '2025-10-26 14:05:00', '7min', 74.56, 68.89),
(10610, 2013, '2025-10-27 20:30:00', '11min', 81.04, 55.13),
(10611, 2008, '2025-10-23 18:40:00', '6min', 88.21, 51.04),
(10612, 2004, '2025-10-26 05:15:00', '11min', 79.54, 63.88),
(10613, 2012, '2025-10-21 07:35:00', '9min', 70.15, 59.20),
(10614, 2015, '2025-10-29 14:50:00', '5min', 93.42, 66.71),
(10615, 2006, '2025-10-22 09:25:00', '10min', 82.17, 54.33),
(10616, 2010, '2025-10-30 02:05:00', '8min', 76.88, 60.09),
(10617, 2001, '2025-10-25 16:45:00', '7min', 90.03, 67.54),
(10618, 2003, '2025-10-27 10:10:00', '12min', 71.99, 58.76),
(10619, 2016, '2025-10-24 21:55:00', '6min', 85.67, 52.19),
(10620, 2002, '2025-10-28 04:30:00', '9min', 74.30, 65.31),
(10621, 2007, '2025-10-21 12:00:00', '11min', 91.23, 57.08),
(10622, 2013, '2025-10-26 19:15:00', '5min', 80.45, 62.47),
(10623, 2009, '2025-10-23 03:20:00', '10min', 77.12, 53.66),
(10624, 2005, '2025-10-30 11:45:00', '7min', 94.00, 68.99),
(10625, 2014, '2025-10-22 17:00:00', '12min', 84.78, 59.41),
(10626, 2011, '2025-10-27 06:50:00', '8min', 72.55, 61.18),
(10627, 2008, '2025-10-25 00:30:00', '9min', 89.33, 56.63),
(10628, 2004, '2025-10-29 22:40:00', '11min', 75.89, 50.22),
(10629, 2012, '2025-10-24 15:10:00', '6min', 81.60, 64.91),
(10630, 2015, '2025-10-21 20:25:00', '10min', 92.11, 55.77),
(10631, 2006, '2025-10-26 13:55:00', '7min', 70.98, 69.34),
(10632, 2010, '2025-10-23 08:05:00', '5min', 86.44, 58.01),
(10633, 2001, '2025-10-28 19:45:00', '12min', 78.23, 63.50),
(10634, 2003, '2025-10-22 01:10:00', '8min', 91.56, 57.24),
(10635, 2016, '2025-10-30 05:40:00', '9min', 73.01, 50.88),
(10636, 2002, '2025-10-25 10:20:00', '11min', 84.19, 66.12),
(10637, 2007, '2025-10-27 23:55:00', '6min', 77.42, 54.99),
(10638, 2013, '2025-10-24 06:30:00', '10min', 90.99, 61.35),
(10639, 2009, '2025-10-21 16:45:00', '7min', 83.75, 59.87),
(10640, 2005, '2025-10-26 01:05:00', '5min', 70.07, 65.52),
(10641, 2014, '2025-10-23 15:35:00', '9min', 94.11, 52.30),
(10642, 2011, '2025-10-28 11:20:00', '12min', 79.88, 67.92),
(10643, 2008, '2025-10-30 14:00:00', '7min', 81.34, 56.10),
(10644, 2004, '2025-10-25 22:15:00', '8min', 72.44, 53.45),
(10645, 2012, '2025-10-27 18:30:00', '11min', 87.05, 68.61),
(10646, 2015, '2025-10-24 10:40:00', '6min', 76.50, 50.77),
(10647, 2006, '2025-10-21 04:50:00', '10min', 90.66, 62.15),
(10648, 2010, '2025-10-26 07:25:00', '9min', 73.18, 55.44),
(10649, 2001, '2025-10-23 20:00:00', '5min', 84.88, 64.31),
(10650, 2003, '2025-10-28 02:15:00', '11min', 78.01, 60.97),
(10651, 2016, '2025-10-22 14:30:00', '7min', 91.03, 51.55),
(10652, 2002, '2025-10-29 09:55:00', '8min', 75.98, 67.43),
(10653, 2007, '2025-10-25 06:10:00', '12min', 86.22, 58.11),
(10654, 2013, '2025-10-27 15:25:00', '10min', 70.89, 53.90),
(10655, 2009, '2025-10-24 01:45:00', '6min', 93.30, 66.01),
(10656, 2005, '2025-10-21 08:00:00', '9min', 80.55, 59.78),
(10657, 2014, '2025-10-26 21:35:00', '5min', 74.03, 61.80),
(10658, 2011, '2025-10-23 13:10:00', '8min', 88.77, 54.67),
(10659, 2008, '2025-10-28 07:45:00', '12min', 71.60, 69.11),
(10660, 2004, '2025-10-30 00:05:00', '7min', 83.12, 57.50),
(10661, 2017, '2025-10-25 04:30:00', '10min', 80.51, 62.33),
(10662, 2018, '2025-10-21 17:10:00', '8min', 74.29, 57.01),
(10663, 2001, '2025-10-28 12:45:00', '6min', 93.18, 51.25),
(10664, 2002, '2025-10-23 05:20:00', '11min', 78.66, 68.79),
(10665, 2003, '2025-10-26 15:55:00', '9min', 84.09, 54.11),
(10666, 2004, '2025-10-22 22:35:00', '7min', 71.94, 66.50),
(10667, 2005, '2025-10-29 07:05:00', '12min', 88.52, 59.44),
(10668, 2006, '2025-10-24 10:15:00', '5min', 76.43, 63.81),
(10669, 2007, '2025-10-30 01:40:00', '10min', 90.28, 55.67),
(10670, 2008, '2025-10-27 18:00:00', '8min', 73.05, 69.19),
(10671, 2009, '2025-10-21 03:25:00', '6min', 85.99, 52.88),
(10672, 2010, '2025-10-24 16:30:00', '11min', 94.70, 64.93),
(10673, 2011, '2025-10-29 23:10:00', '9min', 70.03, 58.07),
(10674, 2012, '2025-10-26 09:40:00', '7min', 81.33, 61.50),
(10675, 2013, '2025-10-23 14:15:00', '12min', 92.56, 56.45),
(10676, 2014, '2025-10-28 20:50:00', '5min', 75.80, 67.88),
(10677, 2015, '2025-10-25 11:35:00', '10min', 86.11, 53.99),
(10678, 2016, '2025-10-22 06:00:00', '8min', 79.44, 60.10),
(10679, 2017, '2025-10-30 19:25:00', '6min', 91.07, 65.21),
(10680, 2018, '2025-10-27 02:40:00', '11min', 77.22, 59.80),
(10681, 2001, '2025-10-24 21:55:00', '9min', 83.75, 52.34),
(10682, 2002, '2025-10-29 15:10:00', '7min', 90.50, 68.14),
(10683, 2003, '2025-10-26 04:00:00', '12min', 74.88, 55.72),
(10684, 2004, '2025-10-21 19:30:00', '5min', 86.31, 63.59),
(10685, 2005, '2025-10-28 00:20:00', '10min', 78.07, 50.99),
(10686, 2006, '2025-10-23 08:50:00', '8min', 92.99, 66.88),
(10687, 2007, '2025-10-25 18:15:00', '6min', 71.12, 57.65),
(10688, 2008, '2025-10-30 05:45:00', '11min', 85.04, 61.22),
(10689, 2009, '2025-10-27 12:35:00', '9min', 93.77, 54.40),
(10690, 2010, '2025-10-22 15:00:00', '7min', 70.61, 69.51),
(10691, 2011, '2025-10-24 07:10:00', '12min', 81.88, 58.33),
(10692, 2012, '2025-10-29 00:50:00', '5min', 90.15, 63.90),
(10693, 2013, '2025-10-26 11:20:00', '10min', 77.49, 52.19),
(10694, 2014, '2025-10-21 00:05:00', '8min', 88.01, 67.44),
(10695, 2015, '2025-10-28 17:30:00', '6min', 72.33, 56.63),
(10696, 2016, '2025-10-23 23:45:00', '11min', 86.94, 60.55),
(10697, 2017, '2025-10-25 09:10:00', '9min', 91.55, 53.77),
(10698, 2018, '2025-10-30 14:00:00', '7min', 75.11, 65.01),
(10699, 2001, '2025-10-27 06:20:00', '12min', 80.89, 59.20),
(10700, 2002, '2025-10-22 03:00:00', '5min', 93.40, 62.44),
(10701, 2003, '2025-10-24 13:40:00', '10min', 76.77, 50.88),
(10702, 2004, '2025-10-29 19:55:00', '8min', 87.21, 66.12),
(10703, 2005, '2025-10-26 22:15:00', '6min', 70.99, 55.44),
(10704, 2006, '2025-10-21 11:50:00', '11min', 94.13, 60.97),
(10705, 2007, '2025-10-28 04:30:00', '9min', 73.01, 63.15),
(10706, 2008, '2025-10-23 17:25:00', '7min', 89.65, 52.79),
(10707, 2009, '2025-10-25 02:00:00', '12min', 78.44, 68.60),
(10708, 2010, '2025-10-30 08:35:00', '5min', 82.55, 57.04),
(10709, 2011, '2025-10-27 21:05:00', '10min', 90.02, 61.99),
(10710, 2012, '2025-10-22 09:50:00', '8min', 74.33, 53.45),
(10711, 2001, '2025-10-28 01:50:00', '8min', 74.33, 53.45),
(10712, 2003, '2025-10-22 09:50:00', '8min', 74.33, 53.45),
(10713, 2003, '2025-10-29 09:50:00', '8min', 74.33, 53.45),
(10714, 2003, '2025-10-22 17:30:00', '10min', 80.12, 60.55),
(10715, 2003, '2025-10-31 06:15:00', '7min', 75.60, 54.90),
(10716, 2003, '2025-10-25 01:40:00', '12min', 91.45, 68.30),
(10717, 2003, '2025-10-19 14:00:00', '9min', 72.88, 51.77),
(10718, 2003, '2025-10-28 10:25:00', '5min', 88.01, 63.92),
(10719, 2003, '2025-10-20 03:55:00', '11min', 77.40, 56.10),
(10720, 2003, '2025-10-26 19:10:00', '8min', 94.03, 69.51),
(10721, 2003, '2025-10-30 00:05:00', '6min', 70.07, 52.88),
(10722, 2003, '2025-10-23 11:30:00', '10min', 85.50, 64.70),
(10723, 2003, '2025-10-29 05:45:00', '9min', 74.99, 57.50),
(10724, 2003, '2025-10-21 21:00:00', '7min', 92.11, 61.35),
(10725, 2003, '2025-10-27 13:50:00', '12min', 80.89, 66.01),
(10726, 2003, '2025-10-24 02:20:00', '5min', 73.18, 55.44),
(10727, 2003, '2025-10-31 18:35:00', '11min', 86.44, 67.29),
(10728, 2003, '2025-10-22 08:00:00', '8min', 79.22, 59.80),
(10729, 2003, '2025-10-19 04:10:00', '6min', 93.75, 51.04),
(10730, 2003, '2025-10-28 23:25:00', '10min', 70.40, 65.33),
(10731, 2003, '2025-10-20 15:50:00', '7min', 84.80, 58.70),
(10732, 2003, '2025-10-26 03:00:00', '12min', 78.55, 69.15),
(10733, 2003, '2025-10-30 17:45:00', '9min', 90.10, 53.01),
(10734, 2003, '2025-10-23 09:10:00', '5min', 71.99, 60.10),
(10735, 2003, '2025-10-29 20:30:00', '11min', 86.91, 67.88),
(10736, 2003, '2025-10-21 00:55:00', '8min', 73.05, 55.72),
(10737, 2003, '2025-10-27 07:15:00', '6min', 91.56, 68.61),
(10738, 2003, '2025-10-24 16:20:00', '10min', 75.11, 52.34),
(10739, 2003, '2025-10-31 10:40:00', '9min', 87.55, 63.40),
(10740, 2003, '2025-10-22 21:50:00', '7min', 70.99, 58.00),
(10741, 2003, '2025-10-19 13:05:00', '12min', 94.88, 66.74),
(10742, 2003, '2025-10-28 01:40:00', '5min', 78.18, 54.21),
(10743, 2003, '2025-10-20 08:35:00', '11min', 82.02, 60.99),
(10744, 2003, '2025-10-25 08:35:00', '11min', 82.02, 60.99),
(10745, 2003, '2025-10-25 08:35:00', '11min', 82.02, 60.99),
(10746, 2003, '2025-10-24 08:35:00', '11min', 82.02, 60.99),
(10747, 2003, '2025-10-24 08:35:00', '11min', 82.02, 60.99),
(10748, 2003, '2025-10-23 08:35:00', '11min', 82.02, 60.99),
(10749, 2003, '2025-10-23 08:35:00', '11min', 82.02, 60.99),
(10750, 2003, '2025-10-27 08:35:00', '11min', 82.02, 60.99),
(10751, 2003, '2025-10-30 08:35:00', '11min', 82.02, 60.99),
(10752, 2003, '2025-10-31 08:35:00', '11min', 82.02, 60.99),
(10753, 2003, '2025-10-29 08:35:00', '11min', 82.02, 60.99);

-- === Servidor 5 (DISCO fk_componente = 1003) ===
INSERT INTO infomotion.especificacao_componente (nome_especificacao, valor, fk_componente) VALUES
('Espaco na particão 1 (GB)', '120', 1003),
('MountPoint da particão 1', '/', 1003),
('Espaco na particão 2 (GB)', '380', 1003),
('MountPoint da particão 2', '/var', 1003),
('Espaco na particão 3 (GB)', '500', 1003),
('MountPoint da particão 3', '/data', 1003);

-- === Servidor 6 (DISCO fk_componente = 1006) ===
INSERT INTO infomotion.especificacao_componente (nome_especificacao, valor, fk_componente) VALUES
('Espaco na particao 1 (GB)', '200', 1006),
('MountPoint da particao 1', '/', 1006),
('Espaco na particao 2 (GB)', '800', 1006),
('MountPoint da particao 2', '/var', 1006),
('Espaco na particao 3 (GB)', '1024', 1006),
('MountPoint da particao 3', '/backup', 1006);

-- === Servidor 7 (DISCO fk_componente = 1009) ===
INSERT INTO infomotion.especificacao_componente (nome_especificacao, valor, fk_componente) VALUES
('Espaco na particao 1 (GB)', '180', 1009),
('MountPoint da particao 1', '/', 1009),
('Espaco na particao 2 (GB)', '300', 1009),
('MountPoint da particao 2', '/var', 1009),
('Espaco na particao 3 (GB)', '520', 1009),
('MountPoint da particao 3', '/data', 1009);

-- === Servidor 8 (DISCO fk_componente = 1012) ===
INSERT INTO infomotion.especificacao_componente (nome_especificacao, valor, fk_componente) VALUES
('Espaco na particao 1 (GB)', '60', 1012),
('MountPoint da particao 1', '/', 1012),
('Espaco na particao 2 (GB)', '200', 1012),
('MountPoint da particao 2', '/var', 1012),
('Espaco na particao 3 (GB)', '252', 1012),
('MountPoint da particao 3', '/logs', 1012);

-- === Servidor 9 (DISCO fk_componente = 1015) ===
INSERT INTO infomotion.especificacao_componente (nome_especificacao, valor, fk_componente) VALUES
('Espaco na particao 1 (GB)', '300', 1015),
('MountPoint da particao 1', '/', 1015),
('Espaco na particao 2 (GB)', '700', 1015),
('MountPoint da particao 2', '/var', 1015),
('Espaco na particao 3 (GB)', '1000', 1015),
('MountPoint da particao 3', '/data', 1015);

-- === Servidor 10 (DISCO fk_componente = 1018) ===
INSERT INTO infomotion.especificacao_componente (nome_especificacao, valor, fk_componente) VALUES
('Espaco na particao 1 (GB)', '500', 1018),
('MountPoint da particao 1', '/', 1018),
('Espaco na particao 2 (GB)', '1500', 1018),
('MountPoint da particao 2', '/data', 1018),
('Espaco na particao 3 (GB)', '2000', 1018),
('MountPoint da particao 3', '/archive', 1018);

INSERT INTO infomotion.especificacao_componente (nome_especificacao, valor, fk_componente) VALUES
('Espaco na particao 1 (GB)', '180', 1021),
('MountPoint da particao 1', '/', 1021),
('Espaco na particao 2 (GB)', '320', 1021),
('MountPoint da particao 2', '/data', 1021),
('Espaco na particao 3 (GB)', '500', 1021),
('MountPoint da particao 3', '/archive', 1021);

INSERT INTO infomotion.especificacao_componente (nome_especificacao, valor, fk_componente) VALUES
('Espaco na particao 1 (GB)', '180', 1024),
('MountPoint da particao 1', '/', 1024),
('Espaco na particao 2 (GB)', '320', 1024),
('MountPoint da particao 2', '/data', 1024),
('Espaco na particao 3 (GB)', '500', 1024),
('MountPoint da particao 3', '/archive', 1024);

-- =========================================================
-- 💾 10 INSERTS EM REGISTRO_SERVIDOR (fk_servidor = 1)
-- =========================================================
INSERT INTO registro_servidor (fk_servidor, uso_cpu, uso_ram, uso_disco, qtd_processos, temp_cpu, temp_disco, dt_registro)
VALUES
(1, 25.71, 62.34, 91.23, 174, 80.0, 30.0, '2025-09-20 14:00'),
(1, 33.42, 81.23, 71.60, 237, 85.0, 41.0, '2025-09-25 10:30'),
(1, 45.12, 76.90, 68.22, 251, 83.5, 39.0, '2025-09-28 09:15'),
(1, 50.83, 84.20, 73.80, 264, 88.0, 42.3, '2025-10-01 08:45'),
(1, 41.60, 79.10, 69.50, 240, 82.2, 37.5, '2025-10-05 15:20'),
(1, 37.45, 72.60, 70.10, 233, 80.5, 35.9, '2025-10-10 13:40'),
(1, 28.95, 67.80, 73.40, 228, 78.0, 34.5, '2025-10-15 16:10'),
(1, 30.25, 69.10, 75.30, 232, 79.2, 36.0, '2025-10-20 11:55'),
(1, 35.75, 71.50, 77.80, 239, 81.0, 38.1, '2025-10-24 17:25'),
(1, 32.10, 70.40, 74.90, 234, 80.0, 37.0, '2025-10-28 12:00');

-- SERVIDOR 1 E 2
INSERT INTO alertas (id, fk_parametro, dt_registro, duracao, max, min) VALUES
-- INÍCIO DA SEQUÊNCIA ORIGINAL (Ajustada a partir de 02/10)
(10754, 2040, '2025-10-02 15:30:00', '10min', 92.50, 80.00),
(10755, 2040, '2025-10-03 09:00:00', '3min', 78.10, 65.00),
(10756, 2040, '2025-10-04 19:45:00', '12min', 95.00, 85.00),
(10757, 2041, '2025-10-05 08:00:00', '4min', 80.30, 68.00),
(10758, 2041, '2025-10-06 14:20:00', '6min', 88.70, 72.00),
(10759, 2041, '2025-10-07 11:55:00', '8min', 91.20, 75.00),
(10760, 2041, '2025-10-08 22:10:00', '15min', 98.90, 85.00),
(10761, 2042, '2025-10-09 07:40:00', '7min', 82.50, 60.00),
(10762, 2042, '2025-10-10 13:00:00', '5min', 79.90, 55.00),
(10763, 2042, '2025-10-11 17:05:00', '9min', 93.10, 70.00),
(10764, 2042, '2025-10-12 18:35:00', '11min', 96.40, 75.00),
(10765, 2043, '2025-10-13 10:50:00', '3min', 75.60, 50.00),
(10766, 2043, '2025-10-14 16:10:00', '8min', 84.80, 60.00),
(10767, 2043, '2025-10-14 20:30:00', '6min', 89.20, 65.00),
(10768, 2043, '2025-10-15 09:25:00', '14min', 97.50, 70.00),
(10769, 2044, '2025-10-16 12:45:00', '5min', 81.40, 62.00),
(10770, 2044, '2025-10-17 15:55:00', '7min', 86.90, 68.00),
(10771, 2044, '2025-10-18 11:15:00', '10min', 94.30, 75.00),
(10772, 2044, '2025-10-19 18:20:00', '4min', 77.80, 55.00),
(10773, 2045, '2025-10-20 09:40:00', '6min', 83.60, 64.00),
(10774, 2045, '2025-10-21 14:05:00', '9min', 90.10, 70.00),
(10775, 2045, '2025-10-22 16:35:00', '12min', 95.80, 80.00),
(10776, 2045, '2025-10-23 21:00:00', '8min', 88.50, 69.00),

-- ALERTAS ADICIONAIS (Poluição de Dados)
(10777, 2040, '2025-10-02 08:10:00', '5min', 88.20, 75.10), -- Dia 02
(10778, 2041, '2025-10-02 23:50:00', '1min', 75.00, 60.50), -- Dia 02
(10779, 2043, '2025-10-03 14:45:00', '7min', 90.50, 78.90), -- Dia 03
(10780, 2045, '2025-10-04 06:15:00', '4min', 81.10, 65.20), -- Dia 04
(10781, 2042, '2025-10-04 11:30:00', '15min', 96.20, 82.00), -- Dia 04
(10782, 2044, '2025-10-05 17:50:00', '2min', 76.40, 58.10), -- Dia 05
(10783, 2040, '2025-10-06 09:55:00', '9min', 91.80, 77.00), -- Dia 06
(10784, 2041, '2025-10-06 18:40:00', '11min', 93.30, 81.50), -- Dia 06
(10785, 2043, '2025-10-07 07:15:00', '6min', 86.90, 70.30), -- Dia 07
(10786, 2045, '2025-10-07 20:00:00', '3min', 79.40, 63.80), -- Dia 07
(10787, 2042, '2025-10-08 10:30:00', '14min', 97.00, 84.00), -- Dia 08
(10788, 2044, '2025-10-08 15:10:00', '8min', 85.50, 69.10), -- Dia 08
(10789, 2040, '2025-10-09 16:25:00', '5min', 88.00, 74.50), -- Dia 09
(10790, 2041, '2025-10-09 21:40:00', '10min', 92.90, 80.20), -- Dia 09
(10791, 2043, '2025-10-10 08:50:00', '7min', 90.10, 76.60), -- Dia 10
(10792, 2045, '2025-10-10 18:15:00', '4min', 82.00, 66.70), -- Dia 10
(10793, 2042, '2025-10-11 06:40:00', '12min', 94.50, 83.00), -- Dia 11
(10794, 2044, '2025-10-11 11:20:00', '6min', 80.80, 62.50), -- Dia 11
(10795, 2040, '2025-10-12 09:30:00', '3min', 77.50, 60.00), -- Dia 12
(10796, 2041, '2025-10-13 14:00:00', '15min', 98.00, 86.00), -- Dia 13
(10797, 2042, '2025-10-13 22:30:00', '1min', 74.80, 55.50), -- Dia 13
(10798, 2044, '2025-10-14 08:20:00', '9min', 91.00, 77.80), -- Dia 14
(10799, 2045, '2025-10-15 16:50:00', '11min', 93.50, 82.50), -- Dia 15
(10800, 2040, '2025-10-15 21:30:00', '7min', 87.10, 71.00), -- Dia 15
(10801, 2041, '2025-10-16 09:10:00', '4min', 81.30, 65.50), -- Dia 16
(10802, 2043, '2025-10-16 18:00:00', '10min', 92.00, 79.50), -- Dia 16
(10803, 2045, '2025-10-17 07:25:00', '6min', 84.20, 68.00), -- Dia 17
(10804, 2042, '2025-10-17 19:15:00', '3min', 78.50, 61.20), -- Dia 17
(10805, 2044, '2025-10-18 09:40:00', '14min', 97.20, 85.00), -- Dia 18
(10806, 2040, '2025-10-18 16:30:00', '8min', 85.80, 70.00), -- Dia 18
(10807, 2041, '2025-10-19 08:00:00', '5min', 88.40, 75.00), -- Dia 19
(10808, 2043, '2025-10-19 14:50:00', '12min', 95.20, 83.20), -- Dia 19
(10809, 2045, '2025-10-20 18:40:00', '7min', 89.60, 74.00), -- Dia 20
(10810, 2042, '2025-10-20 23:00:00', '4min', 77.00, 56.50), -- Dia 20
(10811, 2044, '2025-10-21 09:15:00', '11min', 96.50, 84.50), -- Dia 21
(10812, 2040, '2025-10-21 16:50:00', '6min', 83.90, 68.50), -- Dia 21
(10813, 2041, '2025-10-22 08:30:00', '9min', 90.30, 75.50), -- Dia 22
(10814, 2043, '2025-10-22 19:00:00', '5min', 81.50, 66.00), -- Dia 22
(10815, 2045, '2025-10-23 07:10:00', '10min', 92.70, 79.00), -- Dia 23
(10816, 2042, '2025-10-23 15:45:00', '3min', 78.30, 60.80), -- Dia 23
(10817, 2044, '2025-10-24 10:20:00', '12min', 95.50, 84.00), -- Dia 24
(10818, 2040, '2025-10-24 18:30:00', '7min', 86.00, 71.50), -- Dia 24
(10819, 2041, '2025-10-25 09:50:00', '4min', 80.50, 64.00), -- Dia 25
(10820, 2043, '2025-10-25 17:15:00', '15min', 98.20, 86.50), -- Dia 25
(10821, 2045, '2025-10-26 11:40:00', '6min', 84.40, 69.50), -- Dia 26
(10822, 2042, '2025-10-26 22:15:00', '9min', 91.40, 77.50), -- Dia 26
(10823, 2044, '2025-10-27 13:00:00', '5min', 82.20, 67.00), -- Dia 27
(10824, 2040, '2025-10-27 19:30:00', '11min', 94.90, 83.50), -- Dia 27
(10825, 2041, '2025-10-28 08:45:00', '8min', 88.80, 73.00), -- Dia 28
(10826, 2043, '2025-10-28 15:20:00', '3min', 76.80, 59.80), -- Dia 28
(10827, 2045, '2025-10-29 11:00:00', '14min', 97.40, 85.50), -- Dia 29
(10828, 2042, '2025-10-29 17:40:00', '7min', 87.60, 72.50), -- Dia 29
(10829, 2044, '2025-10-30 09:35:00', '4min', 79.00, 61.00), -- Dia 30
(10830, 2040, '2025-10-30 16:55:00', '10min', 93.00, 80.80), -- Dia 30
(10831, 2041, '2025-10-31 08:15:00', '6min', 84.90, 69.00), -- Dia 31
(10832, 2043, '2025-10-31 14:00:00', '9min', 91.60, 77.00), -- Dia 31
(10833, 2045, '2025-10-31 22:30:00', '5min', 82.40, 67.50); -- Dia 31

alter table servidor alter column fk_regiao set default 1;
update servidor set fk_regiao = 4 where id = 11;

